"","StartDate","EndDate","Status","IPAddress","Progress","Finished","RecordedDate","ResponseId","ExternalReference","LocationLatitude","LocationLongitude","DistributionChannel","UserLanguage","Company","Position","ActivityDescription","Employees","FTE","Year","NrOffices","Location","bm1_SpecificCreative","bm1_CreativeCombi","bm1_CreativeNoncreative","bm2_ResearchStrategy","bm2_ConceptDev","bm2_ProductionImplementation","bm2_Marketing","bm3_OwnProducts","bm3_Services","bm3_Platforms","bm4_Customized","bm4_Modular","bm4_Maintenance","bm5_OperationalExellence","bm5_Quality","bm5_Innovation","bm5_LowCost","bm5_CustomerRelations","bm6_Niche","bm6_GenMarkets","bm6_B2B","bm6_B2C","bm6_B2G","bm7_InHouse","bm7_Outsource","bm8_Suppliers","bm8_Complementors","bm8_Competitors","bm8_CustomersCo","bm8_ScalingPartners","bm9_HourlyRates","bm9_Royalties","bm9_ProductSales","bm9_Subscriptions","bm9_MarkUp","bm9_NoCure","bm9_Investment","bm9_HourlyRates.1","bm10_OwnRevenue","bm10_OtherFirms","bm10_Subsidies","bm10_Loans","bm10_ROI","bm10_Other","bm10_OwnRevenue.1","bmspin_Complementary","bmspin_Products","bmspin_Invest","bmspin_Other","bmspin_Complementary.1","spin_Commercial","spin_Creative","spin_Both","values_Creative1","values_Creative2","values_Creative3","values_Achievement1","values_Achievement2","values_Achievement3","values_Social1","values_Social2","values_Social3","values_Financial1","values_Financial2","values_Financial3","values_Market1","values_Market2","values_Market3","values_Entrepreneurial1","values_Entrepreneurial2","values_Entrepreneurial3","values_Financial4","paradox_INT1","paradox_DIF1","paradox_INT2","paradox_DIF2","paradox_INT3","paradox_DIF3","paradox_DIF4","paradox_INT4","paradox_INT5","paradox_DIF5","paradox_DIF6","paradox_INT6","perf_NewProjects","perf_InternationalIncome","perf_HourlyRates","perf_ProfitMargin","NrOwners","CreativeDirectors","FinancialDirectors","perf_BP_1","perf_BP_2","perf_BP_3","perf_BP_4","perf_BP_5","perf_BP_6","perf_BP_7","perf_BP_8","perf_BP_9","bmspin_Products.1","Q16_INT_EMPL","Q16_DIF_EMPL","Q17_TURN","Q17_TURNGROWTH","Q17_PROFIT","Q17_PROFITGROWTH","Q17_INVESTMENT","bm3_Broker","bm9_Royalties.1","paradox_PAR1","paradox_PAR2","paradox_PAR3","paradox_PAR4","perf_Turnover1","perf_Turnover","size","sector","performance"
"3",NA,NA,0,5.206,100,1,NA,"R_3szjke8I7dZlVia",NA,51.464004516602,5.7026062011719,"email","NL","Van Dongen Design","Eigenaar","Webdesign",1,1,2000,1,"Helmond",7,3,1,3,6,7,5,4,7,5,7,1,1,7,7,5,2,7,6,3,7,1,1,7,4,2,2,2,1,1,7,7,7,1,1,1,1,NA,"6",3,1,1,1,1,NA,0,0,0,0,NA,"0",0,0,5,5,4,6,6,6,4,6,6,6,4,5,7,6,7,6,4,6,2,5,4,4,5,4,6,2,6,7,4,4,6,25,2,NA,80,0,1,0,4,4,4,4,4,6,4,6,6,NA,NA,NA,NA,NA,NA,NA,NA,1,1,2,6,5,2,20,60000,"Micro","Graphic, communication & digital design",NA
"4",NA,NA,0,24.132,100,1,NA,"R_OJQ11HUXjGJeRl7",NA,51.918899536133,4.466796875,"anonymous","NL","Studio Wieki Somers","directeur","product design",7,2,2003,1,"rotterdam",7,2,1,5,7,6,5,7,2,1,7,4,1,7,7,4,2,6,6,2,5,7,1,6,6,6,7,1,1,4,6,6,7,1,1,1,1,"-99","7",2,3,1,1,1,"-99",0,0,0,0,-99,"0",0,0,7,7,7,5,6,6,5,5,6,4,4,6,5,6,5,7,5,5,2,4,5,4,2,4,5,6,6,2,7,6,6,4,80,2,50,2,2,0,3,4,5,3,3,7,4,6,5,0,7,1,-99,-99,-99,-99,50,NA,NA,NA,NA,NA,NA,NA,NA,"Micro","Products",NA
"5",NA,NA,0,31.16,100,1,NA,"R_UtPEpxMcmf0yoH7",NA,52.391799926758,4.8686065673828,"email","NL","Studio Roem","Eigenaar","Webshop met handgemaakte producten",2,2,2014,1,"Amsterdam",1,1,7,7,1,1,1,1,1,3,1,1,7,3,1,4,2,2,1,7,1,1,7,1,7,1,7,4,2,2,7,7,1,7,3,7,4,NA,"1",5,3,2,6,1,NA,0,0,0,0,NA,"0",0,0,1,1,5,7,7,7,6,6,7,7,7,7,7,4,7,6,1,5,1,7,6,5,4,5,5,5,5,2,5,1,6,10,2,0,45,1,NA,NA,2,6,4,5,4,4,4,4,6,NA,NA,NA,NA,NA,NA,NA,NA,7,7,1,2,5,1,3,NA,"Micro","Products",NA
"6",NA,NA,0,31.161,100,1,NA,"R_2f8tgPfBE0gchTy",NA,52.382400512695,4.8995056152344,"email","EN","Bourne Design","Director","Creative solutions",4,4,2007,2,"On earth",2,5,6,7,7,7,2,7,7,7,6,6,2,4,6,3,3,6,3,5,6,2,6,2,6,5,6,2,5,5,6,4,5,5,6,2,2,NA,"7",3,1,1,1,1,NA,0,1,0,0,NA,"3",5,5,6,2,6,2,2,2,2,6,5,4,2,4,2,6,6,6,2,5,2,2,6,4,2,2,5,3,4,2,6,5,4,NA,NA,NA,NA,0,1,1,5,5,5,4,6,4,3,4,4,NA,NA,NA,NA,NA,NA,NA,NA,2,2,2,4,6,7,NA,NA,"Micro","Mixed creative services & strategy",NA
"7",NA,NA,0,31.161,100,1,NA,"R_2PB5OH3TDf4SHYY",NA,52.382400512695,4.8995056152344,"anonymous","NL","Studio iets","Eigenaar","Meubelmaken",0,2,2005,1,"Delft",6,6,4,1,5,7,6,7,7,1,7,4,1,7,5,4,4,7,4,4,1,7,1,7,6,5,5,1,3,1,7,4,7,3,2,7,1,NA,"7",1,1,1,1,1,NA,0,0,0,0,NA,"0",0,0,1,4,3,4,5,5,1,5,7,5,2,3,7,7,7,2,5,4,1,7,4,5,1,4,5,1,4,7,2,4,4,20,0,0,45,1,2,2,5,4,4,4,4,7,4,6,5,NA,NA,NA,NA,NA,NA,NA,NA,5,1,1,6,6,4,0,50000,"Micro","Products",NA
"8",NA,NA,0,31.161,100,1,NA,"R_2YblnHvthJZYYss",NA,52.361694335938,4.8668060302734,"email","NL","ilionx","Unit Manager","Customer experience",960,880,2008,11,"Utrecht, amsterdam, Rotterdam, Zwolle, Maastricht, Groningen,",4,6,7,6,6,6,5,6,6,6,6,6,6,6,5,6,3,6,4,4,7,4,7,5,5,4,4,4,6,6,6,4,5,6,4,2,5,"Hybrid, laag uurtarief, marge per conversie","5",4,3,2,2,4,NA,1,0,0,0,NA,"6",2,4,6,4,5,6,4,4,7,5,7,5,4,6,5,7,6,5,6,6,5,5,4,5,5,2,5,5,5,4,5,5,5,110,10,5,105,20,3,6,4,3,4,5,5,6,4,6,6,NA,NA,NA,NA,NA,NA,NA,NA,6,2,2,5,5,2,30,0,"Large","Mixed creative services & strategy",NA
"9",NA,NA,0,31.161,100,1,NA,"R_1JUynzG70MXtStW",NA,52.382400512695,4.8995056152344,"email","NL","print factory langedijk","DGA","print",7,6,1996,1,"broek op langedijk",2,5,6,2,4,5,6,6,6,1,6,4,1,6,7,6,2,6,6,2,6,1,1,6,1,6,2,2,5,2,4,1,6,1,1,1,1,NA,"7",1,1,3,1,1,NA,0,0,0,0,NA,"0",0,0,5,6,6,1,1,5,4,4,4,4,1,1,7,7,6,7,5,6,1,4,6,2,4,1,7,1,3,7,1,6,2,NA,NA,NA,NA,2,1,1,4,1,6,4,4,4,3,6,4,NA,NA,NA,NA,NA,NA,NA,NA,1,1,1,1,3,7,NA,NA,"Micro","Graphic, communication & digital design",NA
"10",NA,NA,0,37.17,100,1,NA,"R_2ql3z9dYmKZiCAB",NA,51.588592529297,4.9181976318359,"email","NL","Online id","eigenaar","online marketing",8,6,2016,2,"tilburg en antwerpen",2,6,7,6,2,4,7,1,7,6,7,7,6,5,6,6,6,7,7,7,7,7,1,6,6,1,1,1,2,4,4,1,1,6,4,1,NA,NA,"7",1,1,1,1,NA,NA,1,1,0,0,NA,"0",0,0,7,1,1,6,1,1,1,1,7,7,5,1,7,7,7,7,7,7,7,4,1,4,2,3,1,4,1,5,1,4,4,50,25,0,50,1,0,0,4,6,4,7,4,5,4,4,4,NA,NA,NA,NA,NA,NA,NA,NA,6,NA,1,6,4,1,20,5000,"Micro","Advertisement & marketing",NA
"11",NA,NA,0,37.17,100,1,NA,"R_UGCuAUwUIEBqL0B",NA,52.382400512695,4.8995056152344,"email","NL","Inbo B.V.","Controller","Architectuur",215,195,1953,5,"Amsterdam, Woudenberg, Eindhoven, Heerenveen, Rotterdam",4,5,7,5,6,6,3,1,7,1,7,1,1,7,7,6,4,6,6,6,6,2,6,6,2,4,1,1,6,1,6,1,1,1,1,2,6,"Vaste prijs voor klus","7",2,1,1,1,1,NA,1,0,0,0,NA,"1",1,7,5,5,6,5,5,4,6,7,6,4,4,5,6,7,7,6,6,6,2,5,2,6,4,2,4,2,2,2,2,5,6,350,3,6,70,70,16,6,4,4,5,4,4,5,4,5,4,NA,NA,NA,NA,NA,NA,NA,NA,1,1,5,5,5,6,8,87000,"Medium","Architecture & urban planning",NA
"12",NA,NA,0,46.144,100,1,NA,"R_PYu4rbuqS4V65sB",NA,52.084106445312,4.2828979492188,"email","NL","loonbedrijf S de Vree","eigenaar","bomen kapen verwerken",2,3,1978,1,"dodewaard",7,6,6,4,5,5,5,4,6,5,5,5,4,6,6,6,5,7,5,5,5,5,5,6,5,6,6,5,5,5,5,5,5,4,5,4,5,NA,"6",5,3,2,1,4,NA,0,0,0,0,NA,"0",0,0,6,4,5,4,6,4,5,5,4,2,3,4,6,5,6,5,4,3,1,5,5,4,4,1,5,4,4,5,4,1,4,NA,NA,NA,20,0,1,1,4,4,3,4,4,5,4,5,3,NA,NA,NA,NA,NA,NA,NA,NA,5,5,1,5,5,4,5,60,"Micro","Products",NA
"13",NA,NA,0,46.144,100,1,NA,"R_2DLyZd0R2QbWcHw",NA,52.382400512695,4.8995056152344,"anonymous","NL","Studio Kant","Eigenaar","Huisstijlen",0,2,2013,1,"Hasselt",4,2,4,6,7,7,6,6,7,5,6,6,1,1,7,2,2,7,7,6,6,7,5,7,7,7,7,2,6,4,7,1,7,1,1,7,-99,"-99","7",1,1,1,1,1,"-99",0,0,0,0,-99,"0",0,0,7,1,6,7,1,4,7,1,1,1,6,7,7,7,7,6,6,4,1,7,7,4,6,1,1,1,7,1,5,6,6,15,1,0,85,2,0,0,1,4,2,4,7,6,4,4,6,0,1,1,77000,30,38000,50,1,NA,NA,NA,NA,NA,NA,NA,NA,"Micro","Graphic, communication & digital design",NA
"15",NA,NA,0,46.145,100,1,NA,"R_2qsYRUjb6VnQmC7",NA,51.368499755859,5.2176055908203,"email","NL","Merchandise.nl BV","Eigenaar / Directeur","Merchandising",6,6,2003,1,"Bladel",7,7,7,6,7,7,7,1,5,4,7,6,1,7,7,7,5,7,7,4,6,6,5,6,5,7,5,4,6,7,2,3,7,6,5,2,1,NA,"5",4,1,1,1,1,NA,1,1,0,0,NA,"3",3,3,7,5,7,7,5,7,6,5,6,7,4,7,6,7,7,6,5,7,5,4,6,5,4,2,6,5,5,4,5,4,5,10,25,0,NA,2,1,1,3,4,4,3,3,6,6,6,6,NA,NA,NA,NA,NA,NA,NA,NA,6,1,2,6,6,6,38,250000,"Micro","Advertisement & marketing",NA
"16",NA,NA,0,46.145,100,1,NA,"R_3pmdyioZOyHawE0",NA,51.879196166992,5.8625946044922,"anonymous","NL","Marquart Architecten BV",NA,"bouwkundige architectuur / tekenwerk",18,16,1989,1,"Raamsdonksveer",7,2,5,3,3,7,3,7,7,2,7,1,2,4,5,1,4,6,1,5,5,1,3,2,2,2,2,1,5,2,7,1,1,1,1,6,1,NA,"7",1,1,1,1,1,NA,0,0,0,0,NA,"0",0,0,3,1,4,4,5,1,2,6,7,2,3,5,7,7,7,6,6,5,1,5,4,1,4,1,2,2,4,2,4,1,5,NA,NA,NA,NA,2,0,0,3,4,4,4,4,4,4,5,4,NA,NA,NA,NA,NA,NA,NA,NA,2,2,1,5,3,1,NA,NA,"Small","Architecture & urban planning",NA
"17",NA,NA,0,46.44,100,1,NA,"R_7NE9IoVZ0agd9L3",NA,52.382400512695,4.8995056152344,"email","NL","Hart Voor De Zaak Groep","Eigenaar/directeur","Marketingcommunicatie",21,18,1996,3,"Leiden",7,7,5,7,7,7,7,7,7,4,7,7,4,7,7,7,6,7,7,7,7,7,5,7,5,2,2,2,5,5,7,1,2,3,7,7,1,NA,"7",2,1,1,1,1,NA,1,1,0,0,NA,"7",0,0,7,5,7,5,2,4,6,4,7,7,5,7,7,7,7,7,7,7,4,7,7,7,7,1,7,7,3,4,7,7,7,20,20,0,128,2,2,1,4,7,4,7,7,7,5,7,5,NA,NA,NA,NA,NA,NA,NA,NA,7,3,1,1,7,4,40,100,"Small","Graphic, communication & digital design",NA
"18",NA,NA,0,46.44,100,1,NA,"R_Z9lZoVwFBtu1GQF",NA,52.366394042969,4.9512023925781,"email","NL","Suur Graphics","Eigenaar","Animatie en Illustratie",2,NA,1989,1,"Hoevelaken",4,7,1,1,7,7,1,1,7,1,7,1,2,5,7,6,7,6,7,4,7,1,1,7,1,2,7,1,1,1,7,1,1,2,1,1,1,NA,"7",1,1,1,1,1,NA,0,0,0,0,NA,"0",0,0,7,6,7,6,4,5,1,2,7,6,3,4,7,7,7,4,7,4,1,6,6,2,4,4,2,5,4,4,5,2,4,50,50,NA,75,0,NA,NA,3,6,4,5,7,7,4,6,3,NA,NA,NA,NA,NA,NA,NA,NA,1,1,6,6,4,6,NA,NA,"Micro","Audiovisual services & animation",NA
"19",NA,NA,0,62.14,100,1,NA,"R_3O8KNj3c1xg5TKh",NA,52.382400512695,4.8995056152344,"email","NL","We are amp","Designer","Grafisch ontwerp",2,NA,2011,1,"Den haag",7,7,1,7,7,4,4,2,4,4,7,3,1,7,5,4,4,6,3,5,5,6,3,6,5,4,1,3,2,2,7,1,1,2,2,1,1,NA,"7",5,1,1,1,1,NA,0,0,0,0,NA,"5",5,5,7,4,7,3,4,1,4,4,7,4,4,3,5,7,5,7,6,5,3,7,7,4,4,7,7,7,3,3,7,7,7,4,15,0,65,2,2,2,1,1,4,1,4,6,1,6,4,NA,NA,NA,NA,NA,NA,NA,NA,2,2,1,7,6,6,NA,NA,"Micro","Graphic, communication & digital design",NA
"20",NA,NA,0,62.194,100,1,NA,"R_3L6xqPn1cvTOieb",NA,52.223495483398,5.1752014160156,"email","EN","Scotch & Tobacco","Owner","Visual Design Studio",2,1.5,2010,1,"Hilversum",4,6,1,1,7,7,3,1,7,1,6,2,1,7,7,5,2,7,3,5,7,4,6,7,5,6,6,1,2,1,7,1,1,1,5,1,1,NA,"7",1,1,1,1,1,NA,0,0,0,0,NA,"0",0,0,6,1,5,1,1,1,1,1,7,7,5,7,6,7,1,4,5,3,7,2,4,4,4,4,6,7,1,2,6,4,7,30,50,0,75,2,2,2,4,4,4,4,4,4,4,4,4,NA,NA,NA,NA,NA,NA,NA,NA,5,6,2,6,4,6,25,32500,"Micro","Graphic, communication & digital design",NA
"21",NA,NA,0,62.195,100,1,NA,"R_2rr1GZkVDO6cBYD",NA,52.370895385742,4.8816070556641,"email","NL","De Hoedenmaker","eigenaar","hoeden",2,2,2010,1,"Amsterdam",7,7,1,4,7,7,5,7,4,4,7,4,3,7,7,7,3,7,7,1,4,7,1,7,4,4,2,2,3,7,1,2,7,1,3,1,1,NA,"7",1,1,4,1,1,NA,0,0,0,0,NA,"0",0,0,4,5,6,7,7,5,4,4,7,7,5,6,7,6,7,7,5,7,7,5,3,5,2,2,6,4,2,4,6,5,5,10,0,2,40,1,2,2,3,4,4,4,5,6,4,6,4,NA,NA,NA,NA,NA,NA,NA,NA,1,2,2,6,2,6,50,NA,"Micro","Products",NA
"22",NA,NA,0,62.238,100,1,NA,"R_3ewrt5ubGcEIVUH",NA,51.462203979492,3.5520935058594,"email","NL","GroterWonen.nu","vennoot, ontwerp, administratie","interieurbouw en ontwerp",4,3,1996,1,"Vlissingen",6,6,5,2,6,7,3,5,5,3,7,4,1,6,6,7,5,6,6,6,5,6,2,4,4,5,3,3,3,3,5,1,1,1,4,1,4,NA,"6",1,1,1,1,1,NA,0,0,0,0,NA,"0",0,0,4,5,6,3,2,5,3,3,5,5,5,5,6,6,6,4,6,6,4,5,4,5,3,3,5,4,4,4,5,4,5,24,0,0,40,1,1,1,4,4,4,4,3,5,3,5,5,NA,NA,NA,NA,NA,NA,NA,NA,3,1,3,4,5,3,NA,NA,"Micro","Spatial design & interior architecture",NA
"24",NA,NA,0,62.251,100,1,NA,"R_AhpIgqAD2SkjJfj",NA,52.268707275391,4.6445007324219,"email","NL","Screw the Line","Managing Partner","Reclame",-99,6,2010,1,"Amsterdam",2,7,2,3,7,6,1,2,7,5,7,7,1,6,6,5,6,6,2,7,3,7,1,2,5,4,6,2,4,5,7,1,1,1,6,1,1,"-99","6",-99,1,1,1,1,"-99",0,0,0,0,-99,"0",0,0,6,2,7,5,2,6,2,5,6,6,2,6,7,6,7,3,3,2,3,6,1,3,4,6,2,1,3,7,1,1,6,10,-99,-99,-99,-99,-99,-99,5,6,2,3,7,6,5,6,2,0,7,1,130000,-99,-99,-99,-99,NA,NA,NA,NA,NA,NA,NA,NA,"Micro","Advertisement & marketing",NA
"25",NA,NA,0,62.251,100,1,NA,"R_4JIdQmLCUIBFqyR",NA,52.093704223633,4.3204956054688,"email","NL","Ko:work","vennoot","industrial design",2,2,1989,2,"Eindhoven / Amsterdam",1,7,1,5,7,1,1,1,7,2,7,2,1,6,6,3,6,6,6,1,7,1,1,6,1,1,1,1,1,1,7,2,1,1,1,1,1,NA,"7",1,1,1,1,1,NA,0,0,0,0,NA,"0",0,0,2,2,2,2,5,5,2,2,6,4,3,6,7,7,7,6,2,5,1,2,1,1,2,4,4,1,5,2,1,1,1,20,0,4,80,2,2,0,3,6,4,6,5,6,2,6,4,NA,NA,NA,NA,NA,NA,NA,NA,1,1,1,6,4,1,NA,65000,"Micro","Industrial design",NA
"26",NA,NA,0,62.58,100,1,NA,"R_byLvQCNwShHuRuF",NA,52.373504638672,4.8950958251953,"email","EN","Buro Beehive","owner","concept, design & development of: multitentant and coworkingbuildings and innovative design of interior objects.",1,3,2008,3,"amsterdam",1,1,6,1,1,1,1,7,4,7,7,3,4,4,5,7,5,7,7,6,3,2,2,6,3,4,2,2,4,5,1,1,5,1,2,3,6,"rental income","7",2,1,2,2,5,"the housingmarket upswing",1,1,0,0,NA,"0",0,7,7,7,7,5,1,1,6,7,6,6,6,6,5,7,6,7,1,7,5,6,5,4,4,6,7,6,4,7,4,4,7,2,20,1,NA,0,1,1,4,4,4,4,4,4,7,4,4,NA,NA,NA,NA,NA,NA,NA,NA,1,2,1,4,7,7,20,NA,"Micro","Spatial design & interior architecture",NA
"27",NA,NA,0,65.244,100,1,NA,"R_UA3nRuwT9epmUaR",NA,40.751693725586,-73.997200012207,"email","NL","Mijksenaar","partner/eigenaar","wayfinding design",32,25,1986,2,"Amsterdam en New York City",7,2,2,7,7,6,2,4,7,3,6,2,4,5,7,4,2,5,7,1,7,1,1,6,5,7,1,2,4,6,7,2,2,2,1,1,1,NA,"7",1,1,1,1,1,NA,0,0,0,0,NA,"0",0,0,5,5,6,7,5,3,2,3,6,6,4,6,6,7,7,7,6,7,3,6,2,2,4,1,6,5,4,3,2,5,4,60,50,1,110,1,1,2,3,3,3,3,3,5,4,6,5,NA,NA,NA,NA,NA,NA,NA,NA,4,1,2,2,4,6,NA,NA,"Small","Graphic, communication & digital design",NA
"28",NA,NA,0,77.16,100,1,NA,"R_blpUt70uzuuVggF",NA,52.382400512695,4.8995056152344,"email","NL","Novo Typo","Directeur","Typografisch ontwerp",2,2,1996,1,"Amsterdam",7,1,3,7,7,7,7,7,7,1,4,4,1,7,7,7,1,4,7,1,5,5,5,7,2,2,2,1,1,1,7,7,7,7,1,1,1,NA,"7",7,6,1,1,1,NA,1,0,0,0,NA,"1",1,1,7,7,7,4,7,4,7,5,7,7,7,7,7,7,7,7,7,7,3,7,7,7,4,2,7,3,3,3,6,5,7,50,25,6,50,1,1,1,3,4,4,3,3,4,4,3,4,NA,NA,NA,NA,NA,NA,NA,NA,1,1,3,5,7,6,75,50,"Micro","Graphic, communication & digital design",NA
"29",NA,NA,0,77.16,100,1,NA,"R_w1xVI3WOBTHZUCB",NA,52.116897583008,5.1170043945312,"anonymous","NL","Studio Groen+Schild","Office manager","architectuur en interieurarchitectuur",9,8,2002,1,"Deventer",2,5,2,5,7,5,2,1,7,6,7,2,4,6,6,6,5,7,6,5,7,7,7,5,5,7,6,5,5,5,7,1,1,1,1,1,1,NA,"7",1,1,1,1,1,NA,0,0,0,0,NA,"0",0,0,7,4,7,6,5,4,5,6,6,5,6,5,7,5,7,7,5,6,3,7,6,6,5,4,6,5,5,4,4,6,6,18,NA,2,95,2,2,NA,3,5,3,4,3,3,3,7,4,NA,NA,NA,NA,NA,NA,NA,NA,2,1,1,5,4,6,NA,82,"Micro","Architecture & urban planning",NA
"31",NA,NA,0,77.163,100,1,NA,"R_XoipjINeiLMydvr",NA,52.388107299805,5.2353973388672,"email","NL","4PR realisation vof","Eigenaar","Design en signing",2,1,2015,1,"Nuenen",7,7,1,1,7,2,2,2,4,3,7,7,1,1,1,1,4,7,1,2,2,7,1,2,2,7,7,1,3,4,2,1,5,1,1,5,1,NA,"6",1,1,1,1,1,NA,0,0,0,0,NA,"0",0,0,4,4,5,4,5,5,4,4,7,5,4,4,7,5,7,5,7,4,4,4,4,4,4,1,4,4,4,7,4,4,4,NA,NA,NA,NA,1,1,1,4,4,4,4,4,4,4,4,4,NA,NA,NA,NA,NA,NA,NA,NA,4,1,4,4,4,7,NA,NA,"Micro","Graphic, communication & digital design",NA
"32",NA,NA,0,77.163,100,1,NA,"R_2SBSZ5MwvJVKQx8",NA,52.106994628906,5.1320037841797,"email","NL","SjansenDesign","directeur / ontwerper","ontwerp",3,4,2005,1,"Bunnik",2,6,5,2,6,7,4,4,6,2,7,1,1,7,7,5,7,7,6,6,6,2,2,6,6,6,6,2,4,6,7,1,4,3,2,1,1,NA,"7",1,1,1,1,1,NA,0,0,0,0,NA,"0",0,0,4,5,3,4,1,3,1,2,7,5,4,7,7,7,7,7,7,7,6,6,2,2,2,2,5,1,6,5,2,6,6,400,5,0,75,0,0,0,4,5,4,3,3,5,5,6,3,NA,NA,NA,NA,NA,NA,NA,NA,2,1,2,6,5,6,NA,NA,"Micro","Graphic, communication & digital design",NA
"33",NA,NA,0,77.163,100,1,NA,"R_3NwZKGvaLfIBqx6",NA,52.382400512695,4.8995056152344,"email","NL","Glance & Vision","Directeur","Signing",7,6,1989,1,"Veldhoven",7,6,5,1,4,7,2,6,6,2,7,3,1,6,6,7,5,7,6,6,6,6,6,6,4,7,5,4,6,2,6,1,7,1,2,1,1,NA,"7",4,1,4,1,1,NA,0,0,0,0,NA,"0",0,0,5,5,7,4,7,5,5,4,7,6,6,6,7,7,7,7,7,6,5,5,6,4,6,4,6,7,5,2,6,5,5,25,5,0,55,2,1,1,4,4,5,4,4,6,4,7,5,NA,NA,NA,NA,NA,NA,NA,NA,2,1,3,5,5,5,NA,NA,"Micro","Graphic, communication & digital design",NA
"34",NA,NA,0,77.165,100,1,NA,"R_25MIayJdaZUS3km",NA,52.085998535156,4.3419036865234,"anonymous","NL","Jongma Ontwerpers","Eigenaar/Directeur","Archtectonisch- en Grafisch Ontwerp",2,2,2000,1,"Den Haag",7,7,5,7,7,7,7,7,7,7,7,7,1,5,6,5,4,7,7,1,6,6,5,6,4,5,2,2,6,4,7,3,4,1,6,1,-99,"-99","7",4,1,1,1,-99,"-99",0,0,0,0,-99,"0",0,0,6,5,7,7,5,4,6,6,6,6,4,5,7,7,6,6,6,3,4,4,2,5,2,3,6,4,1,5,5,3,3,7,50,0,100,1,2,0,4,4,4,4,4,5,3,7,5,0,6,1,120000,50,80000,60,10000,NA,NA,NA,NA,NA,NA,NA,NA,"Micro","Graphic, communication & digital design",NA
"35",NA,NA,0,77.168,100,1,NA,"R_2uP7sXuFVU3HYll",NA,53.221496582031,6.5628051757812,"anonymous","NL","Studio Guichard","Grafisch vormgever","Grafisch ontwerp",1,1,2000,1,"Groningen",7,4,1,5,7,7,1,3,7,5,7,1,1,2,7,4,7,7,7,3,5,4,4,7,5,2,2,1,1,1,7,2,2,4,4,7,1,NA,"7",1,1,1,1,1,NA,1,0,0,0,NA,"4",7,4,1,6,4,4,4,4,3,7,7,4,2,3,7,7,7,7,4,5,4,6,6,4,2,1,7,4,2,2,6,6,5,10,2,0,85,0,0,0,1,6,4,4,4,7,4,4,2,NA,NA,NA,NA,NA,NA,NA,NA,1,1,6,1,4,5,NA,NA,"Micro","Graphic, communication & digital design",NA
"36",NA,NA,0,77.172,100,1,NA,"R_1LpUaUQ28aJF3gw",NA,52.373504638672,4.8950958251953,"email","NL","Four Horsemen Games","Project Manager // Founder","Game Developement",2,2,2016,1,"Amsterdam",4,4,1,1,6,7,6,7,1,1,7,1,1,7,6,1,4,6,7,1,1,7,1,7,1,1,1,4,1,4,1,1,7,1,1,1,1,NA,"7",1,7,1,1,1,NA,0,0,0,0,NA,"0",0,0,3,1,7,3,7,4,5,4,7,5,7,7,7,6,5,7,1,5,7,4,7,7,7,1,1,7,5,1,7,7,7,1,0,0,0,2,1,1,1,4,1,7,1,1,4,1,3,NA,NA,NA,NA,NA,NA,NA,NA,1,1,1,7,7,7,0,0,"Micro","Game and app design",NA
"37",NA,NA,0,77.174,100,1,NA,"R_2fedbJGPFNrsgmm",NA,51.833297729492,5.86669921875,"anonymous","NL","LaVerbe","Managing partner","Marketingcommmunicatie en design",9,685,1989,1,"Nijmegen",1,7,6,5,7,6,1,1,7,1,7,5,2,5,5,4,1,4,4,5,6,2,6,4,5,4,6,5,1,3,7,1,1,1,1,2,-99,"-99","7",1,1,1,1,-99,"-99",0,0,0,0,-99,"0",0,0,6,5,5,4,5,6,6,3,5,5,4,6,6,6,7,6,6,7,2,6,2,4,4,3,5,7,2,2,5,6,6,100,0,0,100,3,2,1,2,3,5,2,4,2,2,2,1,0,7,2,871756,-35,-3409,-60,NA,NA,NA,NA,NA,NA,NA,NA,NA,"Micro","Advertisement & marketing",NA
"38",NA,NA,0,77.249,100,1,NA,"R_2rObvoS1DI6gP7p",NA,52.353500366211,4.8901977539062,"anonymous","NL","no office","owner, creative director","Branding",0,1,2004,1,"amsterdam",6,3,1,5,7,5,6,7,7,4,7,2,2,7,6,6,6,7,7,1,7,7,1,5,6,5,5,1,4,2,7,2,2,1,5,1,1,NA,"7",1,1,1,1,1,NA,0,0,0,0,NA,"0",0,0,1,3,6,7,4,6,2,4,5,5,5,5,7,7,7,5,4,5,2,5,7,6,5,3,6,6,5,3,6,6,6,10,0,0,90,0,1,0,4,6,4,4,5,6,2,7,5,NA,NA,NA,NA,NA,NA,NA,NA,3,1,2,5,6,5,NA,NA,"Micro","Advertisement & marketing",NA
"39",NA,NA,0,77.249,100,1,NA,"R_DH97SBNoCyQqIoN",NA,52.355102539062,4.8787994384766,"anonymous","NL","Urban Frameworks","Partners","Duurzame stedelijke ontwikkeling",2,2,2012,1,"Amsterdam",5,5,7,6,7,4,1,3,7,5,7,1,1,4,7,6,1,7,6,4,7,1,5,6,4,4,6,1,7,6,6,1,1,1,5,4,7,"contracten op projectbasis","7",6,1,1,1,1,NA,1,0,0,0,NA,"0",0,7,6,4,5,4,1,4,6,6,7,4,1,4,6,6,7,4,7,6,1,7,5,5,5,5,5,4,3,3,5,4,6,3,25,0,100,2,1,1,3,5,1,5,5,6,2,7,2,NA,NA,NA,NA,NA,NA,NA,NA,6,3,5,5,4,7,70,50000,"Micro","Architecture & urban planning",NA
"40",NA,NA,0,77.73,100,1,NA,"R_1FwLdbhywfUp561",NA,52.382400512695,4.8995056152344,"email","NL","Cue Creative","eigenaar","Audiovisuele concepten",3,1.5,1997,1,"Den Haag",7,7,2,5,7,7,5,6,7,6,6,5,6,5,6,5,6,7,5,5,7,6,6,5,6,5,2,3,6,6,6,5,4,5,1,1,NA,NA,"7",1,2,1,1,NA,NA,0,0,0,0,NA,"0",0,0,6,5,6,6,6,5,6,7,7,6,6,5,7,7,7,6,6,5,3,5,6,6,4,6,6,2,2,3,3,3,5,5,15,0,9500,0,1,1,4,4,4,4,4,5,6,6,6,NA,NA,NA,NA,NA,NA,NA,NA,2,1,1,5,6,3,15,NA,"Micro","Audiovisual services & animation",NA
"41",NA,NA,0,78.191,100,1,NA,"R_3qCpxnssyokpfdY",NA,41.018600463867,28.964706420898,"email","EN","Pinar&Viola","Co-owner","Art, design& future trends",0,0,2009,2,"Amsterdam and Istanbul",7,7,2,6,7,2,2,7,7,5,7,1,1,7,7,7,1,7,7,1,7,3,1,7,2,2,2,1,1,3,6,6,5,6,2,3,NA,NA,"7",4,6,2,4,NA,NA,2,2,0,0,NA,"7",7,0,7,7,7,7,7,7,7,7,7,5,5,5,7,7,6,7,7,7,6,6,1,7,2,7,1,6,7,3,7,3,7,5,80,3,200,2,2,0,3,6,4,3,4,7,5,5,4,NA,NA,NA,NA,NA,NA,NA,NA,2,7,7,6,7,5,NA,NA,"Micro","Mixed creative services & strategy",NA
"42",NA,NA,0,79.129,100,1,NA,"R_27v4epKNTQD9JWM",NA,37.03889465332,22.114196777344,"email","NL","UNStudio","Director","UNStudio",220,200,1988,4,"A<U+2019>dam, Hong Kong, Shanghai en Feankfurt",7,7,4,7,5,6,3,2,7,7,7,2,1,6,7,7,2,2,3,5,7,2,5,6,6,2,2,2,3,2,5,4,2,1,3,1,1,NA,"6",1,3,1,1,1,NA,0,0,0,0,NA,"0",0,0,7,6,7,5,7,6,7,7,6,6,4,4,7,7,7,7,7,7,4,4,5,5,6,4,3,5,4,3,4,3,4,30,75,30,80,5,3,6,4,3,5,3,5,4,5,4,6,NA,NA,NA,NA,NA,NA,NA,NA,2,2,1,4,6,7,20,150000,"Medium","Architecture & urban planning",NA
"44",NA,NA,0,80.1,100,1,NA,"R_yIo9TLkuqG19PY5",NA,52.382400512695,4.8995056152344,"anonymous","NL","Bureau LUX architectuur en advies BV","Architect/Directeur","Het ontwerpen van gebouwen en bouwbegeleiding",4,6,2011,1,"Amsterdam",6,2,7,5,7,7,1,7,7,4,7,1,1,6,7,6,5,7,5,3,4,5,1,5,5,5,6,1,4,2,7,1,1,1,1,2,1,NA,"7",1,1,1,1,1,NA,0,0,0,0,NA,"0",0,0,7,5,7,7,5,7,5,5,7,5,5,7,7,7,7,7,7,6,6,6,2,4,2,4,2,2,6,5,2,2,6,50,0,0,100,2,2,0,4,4,4,4,4,4,3,6,5,NA,NA,NA,NA,NA,NA,NA,NA,3,1,2,5,6,2,15,80000,"Micro","Architecture & urban planning",NA
"45",NA,NA,0,80.1,100,1,NA,"R_3I0igKJlX5eq6qP",NA,52.376998901367,4.8739929199219,"email","NL","Frivista","Mede Eigenaar","Communicatie",6,6,2000,1,"Utrecht",7,7,1,7,7,7,5,7,7,1,7,7,1,7,7,7,7,7,7,7,7,7,6,6,7,3,3,2,7,2,7,1,6,1,6,1,1,NA,"7",1,1,1,1,1,NA,0,0,0,0,NA,"0",0,0,7,7,7,7,6,7,6,7,7,6,5,5,7,7,7,7,5,7,5,7,6,7,7,6,6,7,5,1,6,7,7,200,25000,0,85,2,1,0,5,7,5,4,5,6,6,7,6,NA,NA,NA,NA,NA,NA,NA,NA,6,1,1,7,7,7,25,6000,"Micro","Graphic, communication & digital design",NA
"46",NA,NA,0,80.1,100,1,NA,"R_2SreIY9Lx6GGABD",NA,52.453704833984,5.0364990234375,"anonymous","NL","DATBureau","Mede-eigenaar","Grafisch ontwerpen",2,158,2000,1,"Amsterdam",7,1,4,1,7,4,2,7,4,7,7,4,1,6,7,3,6,7,3,7,7,4,1,2,7,7,7,1,2,4,7,1,1,1,4,1,1,NA,"7",1,1,1,1,1,NA,0,0,0,0,NA,"0",0,0,2,4,4,7,3,6,2,4,7,4,5,7,7,7,7,6,3,4,3,3,4,6,4,1,6,1,2,7,5,1,7,15,1,1,825,1,2,0,2,4,3,3,5,7,3,6,3,NA,NA,NA,NA,NA,NA,NA,NA,6,1,2,6,7,4,15,45,"Micro","Graphic, communication & digital design",NA
"48",NA,NA,0,80.101,100,1,NA,"R_2rYlJiW5ubRtWu7",NA,51.926895141602,4.5046997070312,"anonymous","NL","MVAVD design","directeur-ontwerper","industrial design",2,2,1997,1,"Nederland",5,4,3,5,6,6,3,1,7,1,5,6,1,4,5,6,4,7,4,4,7,4,4,4,4,6,4,1,5,4,7,2,1,1,1,1,1,"-99","7",1,1,1,1,1,"-99",0,0,0,0,-99,"0",0,0,4,5,5,2,5,4,5,4,5,5,5,6,6,6,6,5,6,5,2,4,2,6,2,5,1,6,6,7,1,2,2,5,0,1,110,0,1,0,5,5,5,5,6,5,3,5,4,0,4,1,160000,0,0,0,5,NA,NA,NA,NA,NA,NA,NA,NA,"Micro","Industrial design",NA
"49",NA,NA,0,80.101,100,1,NA,"R_RIYwkikQu1lQNY5",NA,52.345993041992,4.8737945556641,"anonymous","NL","ronald janssen architecten bv","architect","ontwerpen van gebouwen",6,7,1999,1,"amsterdam",5,6,1,2,7,7,1,1,7,2,7,2,2,6,6,6,4,4,6,5,5,2,2,7,4,4,1,1,4,1,5,1,1,1,1,3,7,"percentage stichtingskosten gebouw","7",1,1,1,1,1,NA,0,1,0,0,NA,"0",6,7,7,6,7,7,5,6,6,4,6,6,4,4,4,5,6,5,3,5,2,3,2,1,3,4,2,2,3,2,6,1,2,3,20,4,80,0,1,0,7,3,7,7,7,5,3,6,5,NA,NA,NA,NA,NA,NA,NA,NA,2,1,1,2,7,2,20,70000,"Micro","Architecture & urban planning",NA
"50",NA,NA,0,80.101,100,1,NA,"R_3s66y0SsHAXsuSn",NA,52.052093505859,4.335205078125,"email","NL","KBnG architectuur","arch/eigenaar","energietransitie/architectuur",3,3,1990,1,"Rotterdam",5,6,7,6,7,7,1,7,7,5,7,2,1,5,7,6,5,6,7,5,5,7,6,7,2,7,7,1,6,7,7,1,6,1,1,2,1,NA,"7",1,3,1,1,1,NA,0,1,0,0,NA,"7",0,7,6,7,3,7,3,5,7,6,5,2,1,7,6,7,6,5,7,7,1,6,6,6,2,2,6,3,6,6,6,2,6,10,30,2,25,1,3,3,2,4,2,6,2,4,4,5,3,NA,NA,NA,NA,NA,NA,NA,NA,7,6,2,4,6,2,NA,70,"Micro","Architecture & urban planning",NA
"52",NA,NA,0,80.113,100,1,NA,"R_2SwSh2kaChurhLV",NA,51.478103637695,5.4302062988281,"email","NL","Mind Mansion","Co-founder","Virtual Reality in Gezondheidszorg",4,4,2017,1,"Eindhoven",5,6,7,6,6,5,2,7,7,7,6,7,4,7,7,7,6,6,6,4,6,6,5,5,6,4,5,3,7,7,5,4,4,7,4,4,4,NA,"6",4,7,5,4,4,NA,0,0,0,0,NA,"0",0,0,6,6,6,5,5,7,7,7,6,5,5,5,6,5,6,7,7,7,5,7,6,6,6,4,5,6,6,4,3,6,7,4,0,0,100,4,2,2,4,4,4,6,3,5,5,6,5,NA,NA,NA,NA,NA,NA,NA,NA,5,4,2,5,6,4,14,8000,"Micro","Advertisement & marketing",NA
"53",NA,NA,0,80.113,100,1,NA,"R_3JKnnxQzw6T9lVo",NA,52.380096435547,4.8526000976562,"email","NL","co<U+00F6>peratie cc-studio U.A.","ontwerper/mede eigenaar","architectuur & engineering daarvan",4,45,4,1,"Amsterdam",4,5,5,5,5,3,1,5,7,1,6,5,1,7,7,7,3,7,7,1,5,5,3,5,5,6,6,1,6,2,6,1,3,1,1,5,4,"onderzoeksubsidies","7",1,2,3,1,4,"eigen inleg",0,0,0,0,NA,"0",0,0,7,7,7,6,5,6,7,7,6,5,1,5,7,7,6,7,7,5,5,1,6,4,2,1,5,1,6,1,7,5,4,6,20,NA,100,3,3,1,1,4,1,5,6,4,7,6,3,NA,NA,NA,NA,NA,NA,NA,NA,1,4,6,5,4,6,NA,NA,"Micro","Architecture & urban planning",NA
"54",NA,NA,0,80.115,84,0,NA,"R_2UhX0vrJZggb711",NA,NA,NA,"email","NL","Enzo BV","Eigenaar","Communicatie en vormgeving",6,6,1999,1,"Willemstad",3,6,2,4,6,5,2,3,6,4,6,5,1,5,6,5,4,6,3,2,6,4,1,6,5,4,4,4,6,6,6,2,2,3,4,1,1,NA,"6",1,1,1,1,1,NA,1,0,0,0,NA,"0",5,5,5,5,7,2,2,3,3,3,6,7,6,7,6,6,5,4,4,5,6,NA,NA,NA,NA,NA,NA,NA,NA,NA,NA,NA,NA,NA,NA,NA,NA,1,1,2,5,4,4,3,5,6,3,5,4,NA,NA,NA,NA,NA,NA,NA,NA,4,1,NA,NA,NA,NA,NA,NA,"Micro","Graphic, communication & digital design",NA
"55",NA,NA,0,80.115,100,1,NA,"R_2aDpY6fYq0C8mDM",NA,52.696197509766,6.2187957763672,"email","NL","DJVDL","Bestuurder/architect","architectuur",3,3,NA,1,"warmond",7,5,2,4,7,7,3,1,7,4,6,2,1,5,5,3,4,7,7,4,1,7,4,4,1,1,1,1,1,1,5,5,1,1,1,3,1,"geen","7",1,1,1,1,1,"geen",0,0,0,0,NA,"0",0,0,3,3,7,6,4,5,4,1,7,6,6,5,6,7,6,5,5,5,3,7,4,7,1,6,4,1,1,4,1,1,6,2,0,0,75,1,1,1,3,4,4,6,5,4,4,3,2,NA,NA,NA,NA,NA,NA,NA,NA,1,1,1,4,7,4,15,15000,"Micro","Architecture & urban planning",NA
"56",NA,NA,0,80.127,100,1,NA,"R_2y7RY4Bc0jbGlXF",NA,52.091796875,4.3023986816406,"email","NL","Neon Time","Directeur / eigenaar","reclameproductie",2,76,1985,1,"Rotterdam",5,7,7,3,5,7,3,7,7,5,7,3,2,5,6,4,6,7,6,6,7,5,5,7,7,7,5,1,6,5,7,1,7,5,4,1,1,NA,"7",1,1,1,1,1,NA,0,0,0,0,NA,"0",0,0,6,4,5,7,2,5,1,3,7,4,5,7,7,7,7,6,6,6,2,2,6,4,1,1,7,4,4,2,6,5,3,100,5,0,55,0,0,0,4,4,5,3,6,6,3,6,4,NA,NA,NA,NA,NA,NA,NA,NA,5,1,1,7,6,3,65,75,"Micro","Products",NA
"58",NA,NA,0,80.79,100,1,NA,"R_3hhjs36hmQ4aoOl",NA,52.371002197266,4.9040985107422,"email","NL","Grrr","Directeur","Design",21,16,2003,1,"Amsterdam",4,5,1,7,7,7,4,7,6,7,7,5,7,7,7,7,3,6,5,6,2,6,1,7,7,3,2,1,7,4,7,1,4,2,2,1,7,NA,"3",2,7,1,1,-99,"-99",0,0,0,0,-99,"0",0,0,7,7,7,7,2,7,6,7,7,5,4,4,7,7,5,5,6,4,5,7,1,1,1,7,3,2,4,3,5,1,5,35,5,2,100,3,1,1,2,4,4,4,4,5,6,5,4,0,1,1,9e+05,10,10,2,15,NA,NA,NA,NA,NA,NA,NA,NA,"Small","Graphic, communication & digital design",NA
"59",NA,NA,0,80.79,100,1,NA,"R_1Kp3ItkYKXGDLtm",NA,52.371002197266,4.9040985107422,"anonymous","NL","info.nl","managing director","ontwerp en realisatie van webapplicaties",70,56,1994,1,"Amsterdam",1,7,5,6,6,6,2,2,7,5,7,6,6,5,7,6,3,7,3,6,6,6,4,7,1,3,2,1,4,3,6,1,1,4,1,4,6,"opgeleverde functionaliteit icm teamprijs","7",1,2,1,1,NA,NA,1,0,1,0,NA,"4",6,5,5,5,5,3,5,5,4,2,5,6,4,4,7,7,6,5,6,5,6,5,5,5,2,4,5,3,3,3,3,2,5,4,10,1,94,1,1,4,3,5,4,3,4,6,7,7,4,NA,NA,NA,NA,NA,NA,NA,NA,2,5,2,6,6,3,12,1e+05,"Medium","Game and app design",NA
"60",NA,NA,0,81.205,100,1,NA,"R_2S81btZmZnFiyLq",NA,52.382400512695,4.8995056152344,"email","NL","npk design","partner","design",27,24,1978,1,"Leiden",2,5,6,6,7,6,2,6,7,4,6,6,2,6,6,5,4,6,6,3,6,5,3,6,2,4,2,4,4,4,6,6,2,4,5,1,6,NA,"6",-99,2,-99,-99,-99,"-99",1,1,0,0,-99,"6",1,3,4,5,5,6,4,4,4,4,6,4,2,5,6,6,6,5,6,5,4,4,4,6,2,4,5,2,4,6,4,4,4,-99,-99,-99,100,4,4,2,4,4,4,3,3,6,6,6,4,0,6,2,-99,-99,-99,-99,-99,NA,NA,NA,NA,NA,NA,NA,NA,"Small","Industrial design",NA
"61",NA,NA,0,81.206,100,1,NA,"R_pyEC44cRocTpaDv",NA,51.96549987793,5.5706939697266,"email","NL","Ideeen Studio","Oprichter/eigenaar","Vormgeving",2,1,2013,0,"-",5,6,7,4,6,6,6,6,6,6,6,5,4,4,5,6,5,5,5,4,4,5,3,6,5,3,3,4,5,3,5,4,4,2,2,2,1,"-","7",3,1,1,1,1,"-",0,0,0,0,NA,"0",0,0,6,5,5,4,5,5,3,4,5,6,5,5,5,5,5,5,4,5,4,5,5,5,4,4,3,5,4,3,5,4,5,60,5,0,55,1,2,0,4,4,3,4,4,5,3,5,4,NA,NA,NA,NA,NA,NA,NA,NA,5,5,3,5,5,4,35,2000,"Micro","Graphic, communication & digital design",NA
"62",NA,NA,0,81.82,100,1,NA,"R_1mUAROpPQbCXXdq",NA,51.216705322266,4.4167022705078,"anonymous","EN","Arttenders","Founder","Applied art",3,4,2015,1,"Rotterdam",1,7,7,7,7,7,7,5,7,7,7,2,7,6,6,6,2,7,7,1,4,5,5,1,7,7,7,6,3,5,7,3,2,2,7,1,4,NA,"7",2,1,1,1,4,NA,0,0,0,0,NA,"0",0,0,7,5,7,7,7,7,7,7,7,6,3,7,7,7,7,5,5,7,6,7,3,7,7,5,5,7,2,5,3,7,7,6,1,1,100,2,0,0,5,5,4,7,4,7,4,7,7,NA,NA,NA,NA,NA,NA,NA,NA,7,2,1,7,5,1,NA,NA,"Micro","Mixed creative services & strategy",NA
"64",NA,NA,0,82.197,100,1,NA,"R_1q3D4eDHhrgafUk",NA,52.212493896484,6.8641052246094,"anonymous","NL","Panton","eigenaar","industrieel, grafisch en interaction design",14,11,2005,1,"Deventer",7,7,6,7,7,5,2,1,7,4,7,7,2,6,7,7,3,6,7,2,7,2,4,6,6,6,2,1,7,2,7,2,3,2,1,1,4,NA,"7",1,4,2,1,4,NA,0,0,0,0,-99,"0",0,0,7,7,7,1,5,7,7,7,7,3,2,5,6,7,7,7,4,5,3,3,2,6,1,1,2,2,5,3,2,2,5,30,0,NA,100,0,2,0,2,4,4,4,5,4,3,4,2,0,2,3,NA,NA,NA,NA,NA,NA,NA,NA,NA,NA,NA,NA,NA,"Small","Graphic, communication & digital design",NA
"65",NA,NA,0,82.217,84,0,NA,"R_2vZnLcp65gPgW5w",NA,NA,NA,"anonymous","NL","The Goodplace","Partner / Creative Director","Communicatie & websites",4,4,2011,1,"Utrecht",7,7,7,5,6,7,5,6,7,6,7,5,7,6,6,6,6,7,5,5,5,5,5,7,7,5,6,5,5,6,6,3,6,6,5,2,1,NA,"4",2,1,1,1,1,NA,1,1,0,0,NA,"4",4,4,7,6,6,7,6,6,6,4,6,6,6,6,6,6,7,5,6,6,5,NA,NA,NA,NA,NA,NA,NA,NA,NA,NA,NA,NA,NA,NA,NA,NA,2,2,1,4,4,4,4,4,5,4,4,4,NA,NA,NA,NA,NA,NA,NA,NA,7,2,NA,NA,NA,NA,NA,NA,"Micro","Graphic, communication & digital design",NA
"66",NA,NA,0,82.217,100,1,NA,"R_3pg1wSojeVPsUMb",NA,52.093795776367,5.1190948486328,"email","NL","Studio Peper & Goud","mede-eigenaar","visuele communicatie",2,2,2016,1,"Utrecht",3,7,1,5,7,7,3,7,5,1,7,5,1,5,7,5,2,6,6,4,7,1,5,7,4,5,5,1,5,1,7,1,1,1,1,1,1,NA,"7",1,1,3,1,1,NA,0,0,0,0,NA,"0",0,0,6,5,5,7,6,5,3,5,6,4,2,3,6,7,7,5,4,5,4,7,5,6,5,2,7,2,1,1,5,5,6,10,0,0,60,2,2,2,3,3,4,1,4,6,4,6,3,NA,NA,NA,NA,NA,NA,NA,NA,2,1,1,3,5,7,NA,15000,"Micro","Graphic, communication & digital design",NA
"67",NA,NA,0,82.72,100,1,NA,"R_XFbXpevq5SlxL7H",NA,52.296600341797,5.1584930419922,"email","NL","Hyperion creatieve communicatie","Eigenaar","Grafische vormgeving",1,1,1996,1,"Naarden",5,7,5,2,6,7,1,1,7,4,7,5,1,2,6,1,7,6,6,4,7,2,1,3,7,7,4,1,5,1,7,1,1,1,4,1,1,NA,"7",1,1,1,1,1,NA,0,0,0,0,NA,"0",0,0,1,1,4,2,1,2,1,1,4,4,1,1,6,7,7,4,5,4,1,6,4,1,1,4,3,2,4,3,1,1,1,5,0,0,60,0,1,0,1,5,1,6,6,4,1,5,1,NA,NA,NA,NA,NA,NA,NA,NA,1,1,1,7,7,2,NA,48000,"Micro","Graphic, communication & digital design",NA
"68",NA,NA,0,82.72,100,1,NA,"R_3CDHRBPKWnsflFK",NA,52.296600341797,5.1584930419922,"email","NL","Studio Geert Gratama","Eigenaar","Illustrator",2,60,1981,1,"Naarden",5,6,1,1,5,6,3,6,6,2,7,1,2,5,6,5,5,5,3,5,5,5,4,5,6,3,5,3,6,2,7,2,2,1,2,5,5,"Contract","7",1,1,2,1,7,"geen",0,0,0,0,NA,"0",0,0,5,4,7,6,5,4,5,5,7,3,4,6,7,5,7,7,3,6,1,6,6,7,2,2,2,2,2,2,4,2,5,10,2,0,90,0,1,1,5,4,4,4,3,4,2,6,6,NA,NA,NA,NA,NA,NA,NA,NA,2,1,2,2,5,3,10,60,"Micro","Audiovisual services & animation",NA
"69",NA,NA,0,82.73,100,1,NA,"R_86cAv68TuhTKgCd",NA,53.221496582031,6.5628051757812,"email","NL","Archiview","Architect","Architectuur",1,2,1991,1,"Groningen",7,7,4,7,7,4,4,6,6,5,7,7,7,7,7,7,3,3,7,3,5,5,4,7,3,6,6,3,6,7,7,4,3,3,6,3,1,NA,"6",2,2,1,2,1,NA,0,1,0,0,NA,"7",7,7,6,7,7,7,7,7,7,7,7,4,3,4,7,6,7,7,7,7,3,6,3,3,6,3,6,6,7,6,7,6,7,15,0,3,125,1,1,1,4,4,4,5,4,4,6,7,4,NA,NA,NA,NA,NA,NA,NA,NA,3,7,5,3,3,6,10,NA,"Micro","Architecture & urban planning",NA
"70",NA,NA,0,82.73,100,1,NA,"R_2wEr0zcqY0epzdy",NA,53.224395751953,6.5518035888672,"anonymous","NL","Biepa","Co-owner","Contentstrategy and media creation",2,NA,2017,0,"-",6,6,6,7,7,4,5,1,7,6,7,4,3,5,6,6,3,6,6,6,6,6,6,6,5,1,6,4,2,5,7,1,1,5,3,5,4,NA,"7",2,2,1,1,4,NA,0,0,0,0,NA,"0",0,0,7,2,7,7,5,5,4,4,7,6,5,6,7,7,6,5,5,6,3,6,3,6,3,6,6,1,6,3,4,4,6,4,0,0,45,2,1,1,4,4,4,4,4,4,4,4,4,NA,NA,NA,NA,NA,NA,NA,NA,5,1,5,6,6,6,25,NA,"Micro","Mixed creative services & strategy",NA
"71",NA,NA,0,82.75,100,1,NA,"R_3nC2k8dANm53IYy",NA,52.453704833984,5.0364990234375,"email","NL","Contour Industrial Design Solutions","eigenaar","design thinking visual thinking",1,1,2000,1,"Amsterdam",5,6,5,6,4,3,4,2,7,1,7,5,1,6,6,6,4,7,5,4,6,5,6,4,5,2,5,3,6,6,6,3,1,1,1,2,1,NA,"6",1,1,1,1,2,"royalties verkoop",0,0,0,0,NA,"0",0,0,1,5,4,5,1,3,5,5,3,2,1,3,6,7,7,6,6,5,1,6,6,4,1,3,6,2,4,3,6,1,5,30,5,NA,11250,0,0,0,7,5,4,6,7,5,4,6,5,NA,NA,NA,NA,NA,NA,NA,NA,3,1,1,5,5,2,NA,80000,"Micro","Mixed creative services & strategy",NA
"72",NA,NA,0,83.128,100,1,NA,"R_3XcfLydwodse2jf",NA,52.021392822266,5.0399932861328,"email","NL","USEcc","grafisch vormgever","graphic design",2,2,1996,1,"H.I. Ambacht",6,6,1,3,7,7,2,7,7,6,7,6,2,6,6,6,6,6,4,5,6,6,1,6,6,4,4,3,5,3,6,3,6,3,2,1,1,NA,"7",1,1,1,1,1,NA,0,1,0,0,NA,"7",7,7,3,4,5,5,5,2,6,4,6,5,5,5,7,7,7,3,6,6,2,6,5,6,2,2,6,2,4,6,2,4,7,5,0,0,75,2,2,2,2,5,3,6,5,7,4,6,1,NA,NA,NA,NA,NA,NA,NA,NA,2,1,2,6,4,4,NA,NA,"Micro","Graphic, communication & digital design",NA
"73",NA,NA,0,83.128,100,1,NA,"R_3ix7TyiEVnsWAKu",NA,52.028106689453,4.2906951904297,"email","NL","Lettercompany","eigenaar / vennoot","maken van piepschuim letters, logo's etc",1,5,2016,1,"Westland",6,2,2,1,1,7,2,7,2,2,7,2,1,7,7,2,7,4,1,1,7,7,5,7,2,7,1,4,5,4,6,1,7,1,3,1,1,NA,"7",1,1,1,1,1,NA,0,0,0,0,NA,"0",0,0,1,6,5,2,5,4,1,1,6,6,6,1,7,6,7,4,2,1,4,2,6,4,3,1,1,1,1,5,5,3,1,25,10,0,40,1,0,0,4,4,4,4,4,4,4,4,4,NA,NA,NA,NA,NA,NA,NA,NA,1,1,1,4,2,1,NA,NA,"Micro","Products",NA
"74",NA,NA,0,83.162,100,1,NA,"R_Q9BS0RuT32iRe2R",NA,52.130706787109,5.1923065185547,"email","NL","gaasbeekftografie en vormgeving","eigenaar","fotografie",2,2,1985,1,"ommen",6,5,2,4,5,6,5,6,4,2,6,4,2,5,6,4,2,5,3,3,5,6,5,4,3,4,4,3,5,5,6,2,4,3,4,2,NA,NA,"6",3,2,2,2,NA,NA,0,0,0,0,NA,"0",0,0,2,4,5,5,4,5,3,3,6,3,5,5,6,5,6,3,6,6,3,3,4,4,4,3,4,3,3,5,4,4,4,NA,0,3,NA,2,NA,NA,4,5,5,4,5,4,4,5,4,NA,NA,NA,NA,NA,NA,NA,NA,2,1,2,5,3,3,NA,NA,"Micro","Audiovisual services & animation",NA
"75",NA,NA,0,83.162,100,1,NA,"R_1Dxa8zWNmDN05y1",NA,52.382400512695,4.8995056152344,"email","NL","studioMilk","eigenaar","grafisch werk",1,24,2005,1,"ohe en laak",7,7,2,4,7,7,3,7,1,1,7,6,1,5,6,6,5,7,4,4,5,7,1,4,4,4,2,1,2,1,7,1,7,1,1,1,1,NA,"7",1,1,1,1,1,NA,0,0,0,0,NA,"0",0,0,5,4,6,5,6,1,5,2,7,5,2,4,7,6,7,4,5,5,1,1,7,1,3,1,7,4,4,7,6,6,1,5,0,0,NA,1,1,1,3,4,4,4,4,4,4,5,4,NA,NA,NA,NA,NA,NA,NA,NA,6,1,6,2,6,6,NA,NA,"Micro","Graphic, communication & digital design",NA
"76",NA,NA,0,83.219,100,1,NA,"R_2eX5TDZ2WdHpQ2z",NA,51.924102783203,4.4709014892578,"anonymous","NL","Superlatief","CEO","Digital Agency",9,8,1998,1,"Rotterdam",7,3,7,7,7,7,7,7,7,2,7,5,6,6,6,4,5,7,7,5,7,3,7,7,5,5,1,3,6,6,7,1,1,5,4,1,1,NA,"7",3,3,1,1,1,NA,0,1,0,0,NA,"7",3,2,5,4,5,4,2,5,5,3,6,5,3,6,7,7,7,5,6,5,5,4,5,4,4,6,7,2,4,3,5,3,6,35,35,0,85,0,0,0,4,4,4,4,6,6,5,5,4,NA,NA,NA,NA,NA,NA,NA,NA,7,1,2,4,5,2,15,NA,"Micro","Advertisement & marketing",NA
"77",NA,NA,0,83.81,100,1,NA,"R_xyjdKtrqlEaRJTz",NA,52.147201538086,4.6676940917969,"email","NL","Mark your Business","mede-eigenaar","marketing & communicatie",2,2,2015,1,"Alphen aan den Rijn",7,7,7,6,7,4,7,7,7,7,7,7,1,7,7,7,2,7,2,4,7,6,2,7,1,6,6,1,1,1,5,2,2,1,2,1,1,NA,"6",2,1,1,1,1,NA,0,0,0,0,NA,"0",0,0,5,2,2,5,2,4,2,2,6,7,5,5,7,7,6,2,5,6,2,5,4,3,3,1,5,2,2,4,2,2,3,15,0,0,65,2,1,1,4,4,4,4,4,4,4,5,4,NA,NA,NA,NA,NA,NA,NA,NA,3,1,2,5,6,5,20,NA,"Micro","Graphic, communication & digital design",NA
"78",NA,NA,0,83.82,100,1,NA,"R_3HMN6bdwbFBGn7S",NA,51.599594116211,4.7115020751953,"anonymous","NL","TEAM MAPITO","Eigenaar","Reclame / film",0,NA,2001,2,"Amsterdam/Breda",7,7,7,7,1,7,1,7,7,7,7,1,1,7,7,1,1,1,7,1,4,7,1,7,1,7,1,1,1,1,7,1,7,1,7,1,1,NA,"3",1,1,1,1,7,"Opdarchtgever/Klant",0,0,0,1,NA,"7",7,7,1,1,1,1,1,1,4,7,7,7,7,1,5,7,4,7,7,7,1,7,7,2,1,7,3,1,1,7,1,7,7,1,NA,0,NA,NA,NA,NA,4,4,7,4,4,4,7,4,4,NA,NA,NA,NA,NA,NA,NA,NA,3,1,3,7,2,3,15,NA,"Micro","Advertisement & marketing",NA
"80",NA,NA,0,83.84,100,1,NA,"R_3M9HCdaKL0SVpH0",NA,52.011993408203,4.3598022460938,"anonymous","NL","Hebly Theunissen architecten","architect eigenaar","architectuur",0,0,1986,1,"Delft",4,4,2,3,6,6,2,4,4,4,6,2,1,3,6,4,4,5,5,2,4,3,2,3,6,3,5,1,1,1,6,1,2,1,1,3,1,NA,"7",2,2,1,1,1,NA,1,0,0,0,NA,"1",7,4,6,6,6,6,4,4,6,7,5,5,4,5,6,6,6,6,5,4,1,5,4,4,4,3,4,3,4,3,5,4,5,6,0,2,105,0,1,0,4,4,4,2,4,5,3,5,4,NA,NA,NA,NA,NA,NA,NA,NA,4,1,5,4,4,5,40,NA,"Micro","Architecture & urban planning",NA
"81",NA,NA,0,83.84,100,1,NA,"R_3dMJrvaxnrODRTQ",NA,52.011993408203,4.3598022460938,"anonymous","EN","Buro Petr van Blokland + Claudia Mens","Owner/Partner/Designer","Graphic design, typography, type design, design education",3,3,1981,1,"Delft, The Netherlands",6,6,3,5,5,6,3,6,5,4,6,5,3,6,5,6,3,4,2,6,6,6,5,6,4,2,3,4,5,5,4,6,5,5,3,2,-99,"-99","6",2,2,2,2,-99,"-99",0,0,1,0,-99,"6",4,5,6,5,6,4,2,5,5,3,5,4,4,4,6,6,6,6,6,5,5,2,6,6,3,5,3,2,5,6,5,3,6,10,100,0,90,1,0,0,4,4,5,5,4,4,5,4,6,0,6,2,180,NA,NA,NA,20,NA,NA,NA,NA,NA,NA,NA,NA,"Micro","Graphic, communication & digital design",NA
"82",NA,NA,0,83.84,100,1,NA,"R_3Egu72iUGfMzBgu",NA,52.011993408203,4.3598022460938,"anonymous","NL","SILO","creatief directeur","Design voor brand/digital/spatial",14,11,2008,1,"Den Haag",7,7,1,7,7,7,4,1,7,1,7,7,4,7,7,7,2,4,7,1,7,4,7,7,3,7,2,1,2,2,7,1,1,2,7,6,1,"-99","7",1,1,1,1,1,"-99",0,0,0,0,0,"0",0,0,7,7,7,7,7,5,7,5,7,7,5,5,7,7,6,7,7,5,7,1,7,5,5,6,5,7,4,7,5,7,1,50,0,25,110,2,1,1,5,6,4,6,4,5,5,3,4,0,7,2,7e+05,5,180000,5,30,NA,NA,NA,NA,NA,NA,NA,NA,"Small","Mixed creative services & strategy",NA
"83",NA,NA,0,83.84,100,1,NA,"R_2s1kIFjzRU9zdvA",NA,52.011993408203,4.3598022460938,"email","NL","the Pure Family","Intern","Marketing & Communications",5,5,2014,1,"Delft",4,6,4,6,6,3,4,5,5,3,5,2,2,5,5,6,3,3,6,5,4,5,3,6,3,3,3,4,5,3,5,2,2,5,2,2,NA,NA,"5",5,2,5,2,NA,NA,0,0,0,0,NA,"0",0,0,4,6,6,3,5,6,6,5,6,5,3,6,4,6,5,4,4,5,3,3,6,6,5,6,3,4,6,5,6,6,6,NA,NA,NA,NA,2,2,1,4,4,4,4,4,5,5,4,4,NA,NA,NA,NA,NA,NA,NA,NA,2,2,2,6,5,3,NA,NA,"Micro","Graphic, communication & digital design",NA
"85",NA,NA,0,83.87,100,1,NA,"R_1dBt1UfzxOiFeAg",NA,52.091995239258,5.0509948730469,"email","NL","Nourmedia","Founder & Creative director","Websites & Print",4,3,2008,1,"Utrecht",7,7,6,7,7,7,7,6,7,6,6,7,7,7,7,7,6,7,7,6,7,5,1,7,6,3,1,1,1,1,7,1,7,2,2,4,1,NA,"7",1,1,1,1,1,NA,0,0,0,0,NA,"0",0,0,7,6,7,7,7,7,7,7,7,6,5,6,7,7,7,7,7,6,1,1,7,4,7,1,7,1,6,7,1,1,7,8,20,0,85,0,1,2,7,4,4,4,4,7,6,7,7,NA,NA,NA,NA,NA,NA,NA,NA,6,6,1,1,7,1,75,NA,"Micro","Graphic, communication & digital design",NA
"86",NA,NA,0,84.105,100,1,NA,"R_R96QWK89kq6bmYV",NA,52.189300537109,4.4089050292969,"email","NL","JARGO design","Directeur groot aandeelhouder (dga)","Vormgeving en desktop publishing (dtp)",0,0,2015,1,"Hoofddorp NH",7,3,1,1,1,7,1,7,1,1,6,6,6,5,7,5,7,7,5,5,7,1,4,5,3,5,5,5,5,2,7,1,1,1,1,2,1,NA,"7",1,1,1,1,1,NA,0,0,0,0,NA,"0",0,0,7,2,6,3,1,2,2,5,7,7,6,7,7,5,7,7,6,7,3,3,5,4,4,4,7,7,5,1,6,5,6,190,0,0,55,2,NA,NA,6,6,6,5,7,6,5,7,4,NA,NA,NA,NA,NA,NA,NA,NA,1,1,1,6,5,3,10,70,"Micro","Graphic, communication & digital design",NA
"87",NA,NA,0,84.107,100,1,NA,"R_2wsGlWSvJhGY2mI",NA,52.501800537109,5.0585021972656,"email","NL","Zwarthoed visuele communicatie","Directeur/eigenaar","Drukwerk, ontwerp, groot formaat printen, video/animaties",7,4,1959,1,"Volendam",7,7,7,2,3,7,7,2,6,1,7,7,2,6,6,4,5,7,6,6,6,4,4,2,6,7,6,2,4,6,6,1,6,3,7,2,NA,NA,"7",1,1,1,1,NA,NA,0,0,0,0,NA,"0",0,0,6,6,6,6,6,7,5,4,6,7,6,6,6,6,6,6,6,6,6,7,4,7,4,6,7,4,4,5,5,4,5,1000,3,0,75,2,1,0,4,4,4,4,4,5,3,5,3,NA,NA,NA,NA,NA,NA,NA,NA,7,1,4,5,4,4,NA,250000,"Micro","Audiovisual services & animation",NA
"89",NA,NA,0,84.241,100,1,NA,"R_2bTqk10QFzjr243",NA,52.041595458984,4.4734954833984,"email","EN","Happy Folk","Managing Partner","Design & Communication",12,12,2015,1,"Arnhem",7,7,7,7,7,7,7,2,7,3,7,5,3,5,6,5,5,7,5,5,7,5,7,7,2,3,3,3,4,2,7,2,1,1,2,1,1,NA,"7",1,1,1,2,1,NA,0,0,0,0,NA,"0",0,0,6,5,7,5,4,7,4,5,7,6,7,5,7,7,7,6,6,4,4,5,6,6,5,6,6,7,4,2,5,6,6,8,80,1,NA,2,1,1,4,4,4,4,4,6,4,6,5,NA,NA,NA,NA,NA,NA,NA,NA,3,1,1,6,5,2,NA,NA,"Small","Graphic, communication & digital design",NA
"90",NA,NA,0,84.243,100,1,NA,"R_suIQbuC7bay72a5",NA,52.382400512695,4.8995056152344,"email","NL","eko | strategie en design","eigenaar","advies en vormgeving",0,0,2015,1,"leeuwarden",7,7,6,7,7,7,7,6,7,6,7,7,1,1,7,7,1,7,7,7,7,7,7,7,7,7,6,2,7,6,7,1,7,7,7,7,7,"co-creatie","7",1,1,1,1,1,NA,0,0,0,0,NA,"0",0,7,7,7,7,7,1,7,7,7,7,7,1,7,7,7,7,7,7,7,1,7,7,7,7,1,7,7,7,1,7,7,7,20,5,0,80,0,1,1,1,6,5,4,4,6,4,4,4,NA,NA,NA,NA,NA,NA,NA,NA,7,1,1,1,7,7,20,0,"Micro","Graphic, communication & digital design",NA
"91",NA,NA,0,84.243,100,1,NA,"R_CkIuWgqhOYQvc5P",NA,52.382400512695,4.8995056152344,"email","NL","Brains + Bricks","DGA","Ontwerp & realisatie interieurs",2,3,1999,1,"Bussum",6,7,7,2,7,7,1,1,7,1,7,7,1,7,6,2,4,7,1,1,7,1,5,7,7,5,5,1,2,1,7,1,7,1,7,1,1,NA,"7",1,1,1,1,1,NA,0,0,0,0,NA,"0",0,0,6,3,6,1,1,1,1,3,6,2,2,3,7,6,6,4,5,5,3,1,6,2,2,2,6,3,4,3,1,2,2,5,0,0,90,0,0,0,4,4,4,6,5,7,2,6,3,NA,NA,NA,NA,NA,NA,NA,NA,7,1,1,6,4,3,25,3e+05,"Micro","Spatial design & interior architecture",NA
"92",NA,NA,0,84.26,100,1,NA,"R_ApJKQ8LvuMQ8xwt",NA,51.494903564453,4.2861022949219,"email","NL","RO&AD Architecten","eigenaar/architect","architectuur",6,5,2006,2,"Bergen op Zoom, Middelburg",5,6,2,7,7,7,2,2,7,4,7,2,1,7,7,7,1,5,7,1,2,2,6,7,2,5,1,1,2,2,7,1,1,1,1,1,1,NA,"7",1,2,1,1,1,NA,0,0,0,0,NA,"0",0,0,6,7,7,7,6,7,7,7,7,4,2,5,6,7,6,6,7,4,2,2,2,6,1,2,1,2,6,4,2,1,6,10,0,4,100,2,2,1,5,4,4,4,4,6,3,5,6,NA,NA,NA,NA,NA,NA,NA,NA,1,1,1,7,3,4,10,60000,"Micro","Architecture & urban planning",NA
"93",NA,NA,0,84.29,100,1,NA,"R_33j60ThZhSz1lfx",NA,51.73860168457,5.8612976074219,"email","NL","Ifthen","Owner","branding, marketing & communicatie",6,6,2001,1,"Grave",7,7,7,7,7,7,4,4,6,6,7,4,1,6,4,4,4,7,4,6,7,7,4,4,4,4,4,4,6,6,7,1,3,1,4,4,1,NA,"6",1,1,1,1,1,NA,0,0,0,0,NA,"0",0,0,5,6,5,7,4,4,3,3,7,7,7,5,7,7,7,5,6,7,4,4,2,4,2,2,6,4,5,6,2,3,4,35,5,1,80,3,1,3,4,4,4,4,4,6,4,6,6,NA,NA,NA,NA,NA,NA,NA,NA,6,1,6,1,2,7,NA,NA,"Micro","Graphic, communication & digital design",NA
"94",NA,NA,0,84.35,100,1,NA,"R_0vRdeyLlU7xTeG5",NA,52.148406982422,4.4824981689453,"anonymous","NL","IM Creative Agency","Mede-eigenaar","reclame",10,8,2012,1,"Leiden",7,7,7,6,7,7,6,3,7,6,7,7,4,7,6,5,6,7,7,7,7,7,4,7,7,7,7,1,5,5,7,1,1,7,7,1,1,NA,"7",5,1,1,1,1,NA,1,NA,0,0,NA,"7",7,7,7,7,7,2,2,2,2,1,6,4,4,2,7,7,7,7,6,6,1,6,4,4,5,1,7,7,5,2,4,3,7,20,0,0,95,2,2,1,3,4,4,6,4,4,4,5,3,NA,NA,NA,NA,NA,NA,NA,NA,7,1,1,4,6,7,30,40,"Small","Advertisement & marketing",NA
"95",NA,NA,0,84.53,100,1,NA,"R_27QdQ6o9cDzjohu",NA,52.349594116211,5.1835021972656,"email","NL","MAXIM Functional Communication","Founder","Ontwikkeling communicatiesystemen",4,2,2015,1,"Almere NL",7,6,7,1,5,7,7,7,6,1,6,7,1,6,6,7,5,5,7,2,6,6,1,5,6,6,3,1,4,4,4,1,7,6,1,1,1,NA,"7",1,1,1,1,1,NA,0,0,0,0,NA,"0",0,0,6,7,6,6,4,5,4,5,6,7,5,7,7,7,7,7,6,6,5,6,6,6,4,7,7,6,5,2,5,6,4,10,20,NA,60,2,1,1,6,5,6,6,6,6,4,6,5,NA,NA,NA,NA,NA,NA,NA,NA,6,1,2,6,6,3,50,150000,"Micro","Graphic, communication & digital design",NA
"96",NA,NA,0,84.8,100,1,NA,"R_2dteaUSQ9DNRBz6",NA,53.187393188477,5.8166046142578,"anonymous","NL","Dick de Jong Interieurarchitekt","Interieurarchitect Eigenaar","Interieurarchitectuur",3,2,1987,1,"Leeuwarden",6,5,2,4,6,5,4,4,6,6,6,4,1,7,6,6,5,7,6,2,6,6,6,6,6,5,5,3,5,6,7,5,5,1,4,3,1,NA,"7",1,1,1,1,1,NA,0,0,0,0,NA,"0",0,0,7,6,6,4,4,5,6,6,7,4,5,5,7,7,7,6,6,7,5,5,3,4,4,4,5,5,6,3,6,4,4,40,0,1,75,0,0,0,4,4,4,4,4,4,5,6,5,NA,NA,NA,NA,NA,NA,NA,NA,5,1,2,6,5,3,20,70000,"Micro","Architecture & urban planning",NA
"98",NA,NA,0,84.84,100,1,NA,"R_2zBEKs1tjLM9aSF",NA,52.388107299805,5.2353973388672,"email","NL","lionel smit binnenhuisadviseur","eigenaar","woninginrichting",3,3,2004,1,"uithoorn",1,6,6,1,1,7,1,1,7,7,7,1,1,5,7,4,4,7,7,7,7,7,4,6,6,6,5,2,4,6,5,NA,7,1,1,1,NA,NA,"7",1,1,1,1,NA,NA,0,0,0,0,NA,"0",0,0,6,2,5,2,4,5,2,2,7,6,5,4,7,5,7,5,4,6,2,3,4,4,4,4,5,4,4,4,4,4,5,10,5,0,40,0,0,0,4,4,5,6,4,6,1,7,5,NA,NA,NA,NA,NA,NA,NA,NA,7,1,2,5,5,5,30,250,"Micro","Spatial design & interior architecture",NA
"99",NA,NA,0,84.86,84,0,NA,"R_27W5gQQxXZ2T7JR",NA,NA,NA,"email","NL","Sven Schriever design&concept","eigenaar","grafisch ontwerp",2,2,2012,1,"Baflo",7,7,4,3,6,3,2,4,7,4,7,4,2,6,6,4,2,6,7,7,7,7,1,7,7,5,7,4,4,4,7,1,2,1,5,1,1,"0","7",1,1,1,1,1,"0",1,1,1,0,0,"7",7,7,7,5,7,1,1,1,4,5,4,7,3,7,7,7,7,7,7,7,1,NA,NA,NA,NA,NA,NA,NA,NA,NA,NA,NA,NA,NA,NA,NA,NA,2,1,1,4,4,4,5,4,5,5,5,4,NA,NA,NA,NA,NA,NA,NA,NA,3,4,NA,NA,NA,NA,NA,NA,"Micro","Graphic, communication & digital design",NA
"101",NA,NA,0,86.83,100,1,NA,"R_2CQDQgVw05y4vOl",NA,52.006607055664,4.6997985839844,"email","NL","hans moor architects","architect","ontwerp",1,1,2000,1,"schoonhoven",6,2,2,7,7,7,2,7,7,4,7,5,2,6,7,7,5,6,6,6,6,6,6,6,2,4,4,4,4,4,7,1,4,1,1,1,7,"contract","7",2,1,1,1,1,NA,0,0,0,0,NA,"0",0,0,1,7,6,5,6,7,6,4,1,6,2,6,7,6,6,7,5,6,1,6,6,2,3,2,1,2,1,6,4,2,5,4,0,2,90,0,0,0,4,4,5,4,5,4,4,5,5,NA,NA,NA,NA,NA,NA,NA,NA,2,1,1,6,6,6,30,40,"Micro","Architecture & urban planning",NA
"102",NA,NA,0,86.86,100,1,NA,"R_3HvPRhFYoS5HAnD",NA,51.632202148438,5.5632019042969,"email","NL","btz","eigenaar","grafisch ontwerp",1,1,1987,1,"-",7,3,7,7,7,7,3,7,7,7,7,1,1,6,6,3,5,7,7,2,5,4,6,7,7,7,7,1,7,1,7,2,6,1,6,1,1,NA,"7",1,1,1,1,1,NA,0,0,0,0,NA,"0",0,0,5,5,6,6,5,6,6,6,7,1,1,6,7,6,7,5,3,5,1,6,7,1,5,1,7,6,3,7,1,6,5,60,0,0,80,NA,NA,NA,3,7,5,1,5,3,3,7,2,NA,NA,NA,NA,NA,NA,NA,NA,7,1,2,1,4,6,20,250000,"Micro","Graphic, communication & digital design",NA
"103",NA,NA,0,86.88,100,1,NA,"R_3e82O1v4mly2QdU",NA,52.344604492188,6.6517944335938,"email","NL","Tjeerd Willem Droogers grafisch ontwerpen","Eigenaar","grafisch ontwerp en webdesign",1,1,1987,1,"Almelo",6,7,5,4,7,6,5,3,7,1,7,5,1,6,7,5,5,7,1,4,7,5,7,4,2,4,7,5,5,6,7,1,3,1,4,3,4,"geen","3",1,1,1,1,4,"partner",0,0,0,0,NA,"0",0,0,3,3,5,5,3,4,4,5,7,4,3,3,6,6,7,4,2,5,3,6,2,4,2,4,2,2,1,3,3,2,3,5,30,0,NA,1,1,0,3,4,4,4,3,4,3,6,3,NA,NA,NA,NA,NA,NA,NA,NA,5,1,5,5,4,5,70,15000,"Micro","Graphic, communication & digital design",NA
"104",NA,NA,0,86.88,100,1,NA,"R_xD82aGtPcNzhgWd",NA,51.922103881836,4.3939971923828,"email","NL","Kooyman Publiciteit","directeur","Buitenreclame kunst en cultuur",3,3,1985,1,"Rotterdam",7,3,7,1,1,7,7,7,4,6,7,7,1,7,7,2,7,7,7,1,7,1,1,7,2,7,7,1,3,2,2,1,4,1,4,1,7,NA,"7",1,1,1,1,1,NA,0,1,0,0,NA,"7",0,0,5,5,6,4,1,7,3,5,6,7,5,6,5,3,7,7,5,3,1,3,7,7,4,1,3,7,3,1,7,4,6,15,0,0,20,0,1,1,4,7,5,4,6,6,4,4,4,NA,NA,NA,NA,NA,NA,NA,NA,6,1,1,5,1,1,40,NA,"Micro","Advertisement & marketing",NA
"105",NA,NA,0,86.89,100,1,NA,"R_3siGSGdMRnSPtKk",NA,51.860107421875,4.5007934570312,"anonymous","NL","ACE Productions","directeur-eigenaar","communicatie",2,NA,1990,1,"Almere",7,7,5,6,6,6,3,6,6,5,7,3,2,6,6,6,6,6,6,6,6,1,6,5,6,1,1,1,6,5,6,2,4,4,1,1,4,NA,"6",3,1,1,1,2,NA,0,0,0,4,NA,"0",0,1,5,6,5,6,3,3,2,6,6,6,6,5,7,6,6,6,5,4,2,4,4,3,6,5,5,4,5,3,4,4,6,10,0,0,NA,2,2,2,4,5,4,4,3,5,4,6,6,NA,NA,NA,NA,NA,NA,NA,NA,2,1,2,4,6,2,NA,NA,"Micro","Graphic, communication & digital design",NA
"106",NA,NA,0,86.89,100,1,NA,"R_3OobohbIjSXoIfG",NA,52.382400512695,4.8995056152344,"email","NL","Studio iets","Eigenaar","Meubelmaken",0,2,2005,1,"Delft",5,6,3,1,5,7,6,7,7,1,7,1,1,7,7,7,1,7,7,1,4,7,1,7,4,4,1,1,4,1,7,1,7,7,1,4,1,NA,"7",1,1,1,1,1,NA,0,0,0,0,NA,"0",0,0,1,2,4,4,1,7,1,1,1,1,1,4,7,7,7,1,3,3,1,4,4,4,4,4,5,2,4,3,5,3,4,12,0,0,45,2,2,2,7,4,4,7,4,4,4,6,6,NA,NA,NA,NA,NA,NA,NA,NA,1,1,2,6,4,4,0,75000,"Micro","Products",NA
"107",NA,NA,0,86.89,100,1,NA,"R_3hDyu6MDbY5pycf",NA,52.373504638672,4.839599609375,"email","NL","urban echoes","owner","architecture",4,2,2015,1,"amsterdam",6,7,4,3,7,7,3,5,7,2,7,6,5,7,6,7,2,6,5,4,6,6,6,6,5,7,7,3,3,5,7,2,2,1,2,1,NA,NA,"6",1,1,1,1,NA,NA,0,1,0,0,NA,"4",4,4,6,4,7,7,6,7,7,7,7,5,5,4,7,7,6,5,7,6,4,7,3,7,6,4,5,5,4,3,7,7,7,5,0,1,9250,2,0,0,1,5,3,2,3,6,4,5,3,NA,NA,NA,NA,NA,NA,NA,NA,5,2,4,5,4,7,10,20000,"Micro","Architecture & urban planning",NA
"108",NA,NA,0,86.92,100,1,NA,"R_12Aph4nWL26vBkJ",NA,52.223495483398,5.1752014160156,"email","NL","Vossen film en foto","eigenaar","Films",1,1,2008,1,"Ohe en Laak",1,7,5,1,6,6,6,1,7,5,6,5,2,6,7,5,3,6,5,3,6,4,4,6,3,1,2,1,4,1,7,2,2,4,2,1,1,NA,"7",1,1,1,1,1,NA,0,0,0,0,NA,"0",0,0,6,4,6,6,6,4,4,1,7,5,5,6,7,7,7,6,6,6,1,5,7,6,4,3,7,6,6,5,6,5,6,20,1,0,70,0,0,0,4,4,4,6,4,6,2,6,4,NA,NA,NA,NA,NA,NA,NA,NA,5,1,4,5,6,6,NA,NA,"Micro","Audiovisual services & animation",NA
"109",NA,NA,0,86.92,100,1,NA,"R_3EMDZAnT9mG2L4s",NA,52.002593994141,5.6739959716797,"email","NL","Antenna-Men","ontwerper zzp-er","grafische em multi media ontwerp",1,NA,2001,1,"Rotterdam",7,7,6,6,6,7,3,7,7,7,7,6,1,5,6,6,6,7,7,5,5,3,2,5,5,7,7,5,5,1,7,1,1,1,1,1,1,NA,"7",1,1,1,1,1,NA,0,0,0,0,NA,"0",0,0,1,6,7,6,4,4,6,3,7,4,3,7,7,7,7,7,6,6,1,4,4,6,6,4,6,1,6,7,7,6,4,NA,NA,NA,NA,NA,NA,NA,4,5,4,4,6,4,4,5,3,NA,NA,NA,NA,NA,NA,NA,NA,4,1,2,5,6,2,NA,NA,"Micro","Graphic, communication & digital design",NA
"110",NA,NA,0,86.92,100,1,NA,"R_27VVLMYnJ2Xgq5i",NA,52.200698852539,5.3768005371094,"anonymous","NL","Van Doeveren -buro voor architektuur bna-","directeur/eigenaar","architektenburo",0,2,1990,1,"Scherpenzeel",7,6,4,1,7,7,4,1,7,5,7,4,4,6,6,4,5,6,7,4,6,6,4,4,4,5,5,4,2,4,6,2,2,2,2,1,4,NA,"7",1,1,1,1,1,NA,0,0,0,0,NA,"0",0,0,1,4,3,5,4,3,5,5,1,4,5,5,7,7,1,5,3,3,1,6,4,5,4,4,5,4,4,3,4,4,5,8,5,0,95,1,1,1,4,6,4,5,5,4,4,5,4,NA,NA,NA,NA,NA,NA,NA,NA,5,1,6,6,6,5,NA,70000,"Micro","Architecture & urban planning",NA
"111",NA,NA,0,86.95,100,1,NA,"R_ZCAphQYRtIbkSSB",NA,51.629592895508,4.8486938476562,"email","NL","Markt 38 architectuur","architect directeur","architectuur",2,2,2004,1,"Made",7,1,7,5,5,7,7,1,7,6,7,5,1,6,6,4,6,6,6,5,5,5,5,2,6,1,7,1,5,1,7,1,1,1,1,2,1,NA,"7",1,1,1,1,1,NA,0,0,0,0,NA,"0",0,0,1,1,4,7,2,6,1,2,6,2,7,1,7,6,7,6,6,5,5,7,4,4,4,1,4,4,1,2,5,4,7,NA,NA,NA,NA,1,1,1,4,6,4,4,4,5,5,6,5,NA,NA,NA,NA,NA,NA,NA,NA,1,1,1,2,6,6,NA,NA,"Micro","Architecture & urban planning",NA
"113",NA,NA,0,87.213,100,1,NA,"R_296coeSIZniKifj",NA,52.382400512695,4.8995056152344,"email","NL","Studio RAAR","eigenaar","Industriele en grafische vormgever",3,3,2006,1,"Amsterdam",1,7,4,6,7,4,3,7,7,4,7,1,1,7,7,7,1,7,7,1,7,1,1,6,6,5,5,2,6,7,7,7,4,4,2,1,1,NA,"7",3,1,1,1,1,NA,1,1,0,0,NA,"7",5,0,7,7,7,2,3,5,4,5,6,6,4,6,7,7,7,7,7,7,2,4,6,6,2,5,6,3,6,2,6,5,6,40,0,0,90,3,3,0,5,1,4,1,5,7,1,6,5,NA,NA,NA,NA,NA,NA,NA,NA,4,4,3,6,6,6,NA,NA,"Micro","Graphic, communication & digital design",NA
"114",NA,NA,0,87.213,100,1,NA,"R_2duas606btUhv7P",NA,52.353500366211,4.8901977539062,"email","NL","B&B","Mede-eigenaar","Teksten",2,15,2007,1,"Amsterdam",5,3,1,1,7,1,2,1,7,1,7,1,1,2,6,3,2,6,5,5,6,4,5,7,1,1,1,1,6,1,7,6,1,1,1,3,1,NA,"7",1,1,1,1,1,NA,0,0,0,0,NA,"0",0,0,1,1,1,1,1,1,1,6,1,1,1,1,1,1,6,1,1,1,1,4,5,2,5,2,5,2,5,2,6,5,4,NA,NA,NA,NA,2,0,0,5,3,5,3,6,5,4,5,5,NA,NA,NA,NA,NA,NA,NA,NA,1,1,2,5,5,2,NA,NA,"Micro","Advertisement & marketing",NA
"115",NA,NA,0,87.214,100,1,NA,"R_3DwR2eveTQCtBVp",NA,52.378402709961,4.8834991455078,"email","NL","Made.up Interior works","eigenaar / meubelmaker","(meubel)ontwerp en meubelmakerij",2,2,2005,1,"Amsterdam",7,4,2,3,6,7,6,7,6,4,7,5,3,6,7,4,4,5,3,4,6,6,4,6,6,6,5,3,6,2,6,2,NA,1,2,1,NA,NA,"7",1,1,2,1,NA,NA,0,0,0,0,NA,"0",0,0,4,5,7,5,7,3,4,3,6,7,5,7,7,6,7,5,3,6,4,3,6,4,5,2,5,5,3,2,7,6,4,8,0,0,60,2,2,2,3,5,4,3,4,4,3,6,6,NA,NA,NA,NA,NA,NA,NA,NA,2,1,2,4,3,6,20,NA,"Micro","Products",NA
"116",NA,NA,0,87.214,100,1,NA,"R_2YtYJFOImSLrYaj",NA,52.361694335938,4.8668060302734,"email","EN","Wunderwald","Lead Creative","Graphic Design",5,5,2016,1,"Amsterdam",5,5,2,6,6,6,4,2,6,5,6,2,5,6,6,5,2,6,6,3,2,6,2,6,2,5,2,2,4,4,6,2,2,4,2,1,6,"Project prices","6",2,2,2,2,1,NA,0,0,0,0,NA,"0",0,0,7,5,6,7,4,6,6,6,6,2,5,6,7,7,6,6,6,5,5,4,6,5,5,6,6,6,4,2,6,6,5,20,0,0,70,2,1,1,4,6,4,4,4,6,4,6,6,NA,NA,NA,NA,NA,NA,NA,NA,4,5,4,4,5,6,NA,NA,"Micro","Graphic, communication & digital design",NA
"117",NA,NA,0,87.215,100,1,NA,"R_1q4jSjD3jqFuf4N",NA,52.356506347656,4.9228057861328,"email","NL","waarmakers","partner","product ontwerp, industrieel ontwerp",3,3,2009,1,"amsterdam",5,7,6,6,7,4,5,7,7,1,7,4,3,6,6,3,1,5,6,5,4,7,3,7,3,3,7,5,3,3,7,5,7,5,2,1,1,NA,"7",4,3,1,1,1,NA,0,1,0,0,NA,"7",5,3,7,7,7,7,7,6,7,7,7,3,4,4,3,7,4,5,7,7,2,6,7,5,4,2,2,7,4,2,1,6,6,5,20,1,75,2,2,NA,6,6,6,4,4,4,2,4,3,NA,NA,NA,NA,NA,NA,NA,NA,1,1,3,6,5,7,30,50000,"Micro","Products",NA
"118",NA,NA,0,88.159,100,1,NA,"R_2UcuAECSi1sQEgq",NA,51.447204589844,5.4564971923828,"email","EN","UNITiD","Partner","Digital Product Design",60,55,2008,3,"Amsterdam, Rotterdam, Eindhoven",7,3,1,7,7,5,2,4,7,4,7,2,1,7,7,7,1,7,6,6,6,6,2,7,1,2,3,2,6,2,7,1,1,1,1,1,7,NA,"7",3,1,1,1,1,"-99",2,1,0,0,-99,"1",1,7,7,6,7,2,2,4,5,5,7,4,5,5,7,7,7,6,7,6,5,2,3,7,2,3,5,2,5,4,7,2,2,60,10,1,100,3,1,2,4,4,4,4,4,6,4,5,5,1,7,2,4,10,400,10,5,NA,NA,NA,NA,NA,NA,NA,NA,"Medium","Products",NA
"119",NA,NA,0,88.159,100,1,NA,"R_2YK4UvEIH2e1fc5",NA,51.454299926758,5.4577941894531,"email","NL","Toer","eigenaar","design",2,2,2011,1,"eindhoven",5,7,3,6,7,6,3,7,5,3,6,6,1,6,5,7,4,6,6,2,6,5,5,6,5,6,3,4,2,3,2,5,6,2,1,1,7,"verhuur","7",1,3,1,1,1,NA,0,0,0,0,NA,"0",0,0,5,6,6,7,5,6,3,2,4,6,6,6,6,5,6,4,5,6,5,5,3,5,3,5,3,6,5,1,6,5,5,4,80,1,NA,1,2,0,5,2,6,3,6,5,6,5,5,NA,NA,NA,NA,NA,NA,NA,NA,2,1,3,6,5,4,80,50000,"Micro","Mixed creative services & strategy",NA
"120",NA,NA,0,89.2,100,1,NA,"R_sFEh85LgpxhJ1ex",NA,52.382400512695,4.8995056152344,"anonymous","EN","koolvis studio","owner / designer","spatial design",2,2,2015,2,"eindhoven den dolder",5,7,5,5,5,5,3,1,5,6,6,3,1,6,6,5,4,5,6,4,5,4,1,6,5,3,4,2,5,4,6,2,5,2,3,5,-99,"-99","6",4,1,1,1,-99,"-99",2,1,0,0,-99,"5",4,7,4,7,6,4,1,4,6,4,2,5,6,3,5,6,6,4,1,6,5,2,5,5,3,2,5,2,2,2,6,2,4,25,0,0,80,0,2,0,4,4,5,4,4,3,7,6,4,0,4,4,35000,60,-99,-99,50,NA,NA,NA,NA,NA,NA,NA,NA,"Micro","Spatial design & interior architecture",NA
"121",NA,NA,0,89.2,100,1,NA,"R_SNxyq7RPy02Q73b",NA,52.382400512695,4.8995056152344,"email","NL","Beers|Brickworks","Eigenaar","Interieurontwerp horeca",3,0,2008,2,"Klundert tilburg",6,6,2,4,7,5,3,5,7,7,7,1,1,7,7,7,4,7,7,1,5,7,6,7,5,7,1,4,7,7,7,4,2,2,7,1,7,NA,"7",1,1,1,1,1,NA,0,0,0,0,NA,"0",7,7,7,7,7,7,5,7,7,6,7,7,7,4,7,7,7,7,1,7,2,7,2,7,3,7,2,4,3,7,1,1,7,10,100,1,100,2,2,NA,3,4,5,4,6,5,7,4,5,NA,NA,NA,NA,NA,NA,NA,NA,4,1,1,4,7,5,NA,60,"Micro","Spatial design & interior architecture",NA
"122",NA,NA,0,89.255,84,0,NA,"R_1n0ljkozUr3Atvp",NA,NA,NA,"anonymous","NL","kubik","office manager","design",18,14,1997,1,"amsterdam",6,5,7,3,6,6,4,6,6,6,6,6,4,6,6,5,4,6,5,4,6,1,4,4,6,6,2,2,4,4,5,3,2,2,5,2,NA,NA,"6",1,1,1,1,NA,NA,0,0,0,0,NA,"0",0,0,5,5,5,4,6,4,4,4,6,6,6,6,6,5,6,6,5,6,5,NA,NA,NA,NA,NA,NA,NA,NA,NA,NA,NA,NA,NA,NA,NA,NA,1,1,1,4,4,4,4,4,4,4,4,4,NA,NA,NA,NA,NA,NA,NA,NA,6,2,NA,NA,NA,NA,NA,NA,"Small","Spatial design & interior architecture",NA
"123",NA,NA,0,89.255,100,1,NA,"R_3qeAxkcXT0uEPI0",NA,52.302093505859,4.5438995361328,"email","NL","Denkkamer architectuur & onderzoek","directeur, architect","architectuur",2,4,2010,1,"Gemert",2,4,2,3,1,1,3,6,1,2,1,3,6,2,1,1,5,4,1,6,3,2,5,2,2,1,3,4,2,6,1,7,7,7,7,4,7,NA,"1",6,6,7,7,7,NA,0,0,0,0,NA,"0",0,0,6,4,6,5,6,4,6,6,4,2,2,2,5,5,5,7,6,5,2,3,2,7,3,2,5,2,5,6,6,3,6,50,0,0,80,1,2,1,5,4,4,4,5,5,4,5,4,NA,NA,NA,NA,NA,NA,NA,NA,2,7,2,3,5,5,40,60000,"Micro","Architecture & urban planning",NA
"124",NA,NA,0,89.255,100,1,NA,"R_12lglUigcQIRj60",NA,52.387603759766,4.8840942382812,"email","NL","KIK Marketing en Communicatie","Eigenaar","Marketing en Communicatie",4,33,2012,1,"Oud Gastel",4,7,2,6,7,7,6,2,7,6,6,7,3,6,5,3,5,7,3,7,7,6,1,4,7,7,3,3,3,5,6,2,2,2,7,1,1,NA,"6",1,1,1,1,1,NA,0,0,0,0,NA,"0",0,0,5,4,4,3,1,4,2,1,5,6,6,6,7,7,7,2,5,7,5,4,1,1,1,1,5,1,2,2,1,1,5,500,0,0,75,2,0,0,2,6,3,7,3,6,2,7,7,NA,NA,NA,NA,NA,NA,NA,NA,6,1,1,7,7,1,30,30,"Micro","Graphic, communication & digital design",NA
"125",NA,NA,0,90.145,100,1,NA,"R_3hzn1PwPOjd2INM",NA,51.934997558594,4.5684051513672,"email","NL","Vos | Hoffer | vdHaar architecten","architect/ vennoot","architectuur",3,26,2013,1,"OEGSTGEEST",7,3,5,2,5,5,2,1,7,1,7,1,1,4,5,4,4,6,5,5,5,6,2,6,3,2,2,2,2,2,7,1,1,1,1,1,1,NA,"7",1,1,1,1,1,NA,0,0,0,0,NA,"0",0,0,5,2,5,2,2,2,2,2,4,3,2,2,6,6,6,2,5,5,2,6,2,5,2,2,5,1,3,2,2,3,6,30,0,0,85,2,2,0,3,4,4,3,3,4,5,5,5,NA,NA,NA,NA,NA,NA,NA,NA,2,1,2,4,4,6,20,80000,"Micro","Architecture & urban planning",NA
"127",NA,NA,0,92.109,100,1,NA,"R_1IXxVjPd5GjKRvc",NA,52.387603759766,4.8840942382812,"email","NL","Room BV","dga","vormgeving",11,9,2000,1,"Naarden",7,6,1,5,7,7,5,1,7,2,7,1,1,7,7,5,3,6,5,2,5,7,4,6,3,4,3,2,5,6,7,4,1,1,1,1,7,"lumpsum voor ontwikkelde concepten","7",1,1,1,1,1,NA,0,0,0,0,NA,"0",0,0,6,3,6,1,6,6,2,4,6,4,4,2,6,6,7,6,7,7,1,6,6,7,5,1,6,1,3,3,3,1,5,20,0,0,100,0,1,1,6,3,5,4,6,5,2,6,4,NA,NA,NA,NA,NA,NA,NA,NA,1,1,1,7,7,4,25,175000,"Small","Graphic, communication & digital design",NA
"128",NA,NA,0,92.11,100,1,NA,"R_28GJ7HkrHGdFGFp",NA,51.916397094727,4.4595031738281,"email","NL","Onno Raadersma","eigenaar","interieur textiel ontwerp",1,1,1986,1,"Rotterdam",7,1,1,1,7,1,1,1,7,1,7,1,1,1,7,3,1,1,1,1,7,1,1,7,1,1,1,1,6,1,4,4,1,1,1,3,1,NA,"7",1,1,1,1,1,NA,0,0,0,0,NA,"0",0,0,1,1,1,5,1,1,1,4,5,7,1,4,7,7,7,5,1,4,1,7,7,2,4,1,7,1,4,4,7,7,7,1,70,0,NA,0,1,1,1,7,1,2,1,4,1,5,1,NA,NA,NA,NA,NA,NA,NA,NA,1,1,1,4,4,4,NA,NA,"Micro","Spatial design & interior architecture",NA
"129",NA,NA,0,92.11,100,1,NA,"R_3Rg9D2Ttv6Xo8K7",NA,52.230194091797,5.1631927490234,"email","NL","HollandCentraal","Eigenaar","motion graphic design",3,3,1998,1,NA,7,5,1,6,7,7,2,1,7,2,7,2,1,3,6,6,4,5,7,6,4,6,2,5,4,3,2,2,6,3,7,2,1,1,2,1,1,NA,"7",1,1,1,1,1,NA,0,0,0,0,NA,"0",0,0,6,5,7,4,6,4,4,5,7,5,5,6,7,6,7,6,5,7,2,6,6,6,4,4,7,3,4,1,7,7,5,40,0,0,105,1,1,0,3,4,4,3,2,3,4,3,3,NA,NA,NA,NA,NA,NA,NA,NA,2,1,2,4,6,6,15,100,"Micro","Graphic, communication & digital design",NA
"133",NA,NA,0,92.111,84,0,NA,"R_425OPFOwrPnPcoF",NA,NA,NA,"anonymous","NL","De zaak fortuin","DGA","communicatie",7,6,1998,1,"NL",4,6,5,1,7,7,2,1,7,4,7,2,2,6,6,6,5,6,4,4,4,4,2,6,5,2,6,3,3,4,7,1,2,1,1,3,1,NA,"7",1,1,1,1,1,NA,0,0,0,0,NA,"0",0,0,5,5,5,2,4,4,2,4,6,4,2,5,6,7,7,5,5,7,2,NA,NA,NA,NA,NA,NA,NA,NA,NA,NA,NA,NA,NA,NA,NA,NA,1,1,0,3,4,3,4,5,4,2,4,4,NA,NA,NA,NA,NA,NA,NA,NA,2,2,NA,NA,NA,NA,NA,NA,"Micro","Graphic, communication & digital design",NA
"134",NA,NA,0,92.111,100,1,NA,"R_27poRYXBj9NUjCx","Remeber to Play",52.362899780273,4.8925018310547,"email","EN","Remember to Play","Founder","Strategic Design",3,2,2015,1,"Amsterdam",5,3,5,7,7,2,3,1,7,1,5,6,1,3,6,6,3,6,7,5,5,6,1,7,1,1,1,1,7,5,7,1,1,1,4,1,7,NA,"7",1,1,1,1,1,"-99",0,0,0,0,-99,"0",0,0,7,5,6,2,5,5,5,4,6,3,4,6,6,7,6,7,6,7,4,6,6,7,4,4,2,4,6,5,5,2,6,10,NA,0,75,2,1,1,4,4,4,4,4,4,4,4,4,0,6,2,260,NA,40,NA,NA,NA,NA,NA,NA,NA,NA,NA,NA,"Micro","Mixed creative services & strategy",NA
"135",NA,NA,0,92.111,100,1,NA,"R_AGRT4BxSvQ46jUR",NA,52.346298217773,4.9304962158203,"email","NL","New Chique Gallery","Founder","online gallery",2,1,2014,1,"Haarlem",7,5,2,2,6,5,5,6,6,7,7,2,1,4,7,5,6,6,6,4,7,3,6,6,2,7,2,1,7,1,7,6,7,5,6,1,1,NA,"7",1,1,1,1,1,NA,0,1,0,0,NA,"7",5,7,7,6,7,2,3,2,2,2,4,5,5,4,6,6,7,5,2,6,2,6,1,5,6,1,6,6,6,2,2,5,6,15,0,0,NA,1,0,0,1,5,3,5,2,2,2,5,6,NA,NA,NA,NA,NA,NA,NA,NA,3,1,1,7,6,6,30,20000,"Micro","Audiovisual services & animation",NA
"136",NA,NA,0,92.111,100,1,NA,"R_2bn5X4mub1j0y8p",NA,53.209899902344,5.8038024902344,"email","NL","Adsum!reclame+belettering","eigenaar","Signaleer (belettering)",1,15,2006,1,"Akkrum",7,7,3,2,5,7,4,6,6,6,7,3,5,6,7,7,5,6,7,6,7,5,7,5,5,7,6,1,4,7,5,3,6,1,6,4,7,"van halffabrikaten (ver-)nieuwe (nde) producten maken","7",2,1,1,1,1,NA,0,0,0,0,NA,"0",0,0,4,6,7,7,5,4,6,7,7,1,4,5,7,7,7,7,7,6,1,1,7,2,1,1,7,5,5,1,5,2,1,15,0,0,5350,0,1,1,7,5,6,6,6,4,6,4,4,NA,NA,NA,NA,NA,NA,NA,NA,6,1,7,6,1,6,39,1e+05,"Micro","Graphic, communication & digital design",NA
"137",NA,NA,0,92.111,100,1,NA,"R_3KovCq4tZPB8Gn0",NA,52.363006591797,4.8923950195312,"email","NL","OPERA Amsterdam BV","Director","Museum exhibition design",7,6,2002,1,"Amsterdam",3,7,1,1,6,4,2,3,7,6,7,1,1,6,7,6,6,7,7,1,1,1,1,4,4,2,2,2,7,2,7,1,1,1,1,1,1,NA,"7",NA,NA,NA,NA,NA,NA,0,0,0,0,NA,"0",0,0,6,5,6,6,4,7,2,1,7,6,7,5,6,7,6,2,5,6,3,5,2,2,2,4,5,1,3,2,3,2,4,15,60,2,100,2,1,1,4,6,6,6,6,5,4,5,7,NA,NA,NA,NA,NA,NA,NA,NA,1,1,5,3,5,6,NA,NA,"Micro","Spatial design & interior architecture",NA
"138",NA,NA,0,92.111,100,1,NA,"R_1nOqF6KtJisgliy",NA,52.370895385742,4.8816070556641,"email","NL","Van Lennep","Directeur","Design",7,55,2008,1,"Amsterdam",5,5,2,5,7,7,2,5,6,3,6,2,1,5,6,3,3,5,7,6,2,5,5,2,6,5,7,2,6,3,7,1,1,2,1,1,1,NA,"7",1,1,1,1,1,NA,0,0,0,0,NA,"0",0,0,6,5,7,7,5,6,5,6,6,5,5,5,5,5,7,6,5,6,4,6,4,5,4,2,7,6,4,1,7,7,6,5,10,1,100,3,2,1,2,5,2,3,4,5,3,6,4,NA,NA,NA,NA,NA,NA,NA,NA,3,1,1,7,6,4,NA,NA,"Micro","Graphic, communication & digital design",NA
"139",NA,NA,0,92.111,100,1,NA,"R_1gCuGeVf03TPwCb",NA,52.363006591797,4.8923950195312,"email","EN","APE TO ZEBRA","owner / creative","Communication and Design",1,4,2012,1,"Amsterdam",7,7,2,7,7,6,2,4,7,4,6,3,1,6,6,5,4,7,5,5,5,5,5,4,6,6,6,2,5,5,7,4,2,2,5,1,NA,NA,"7",NA,NA,NA,NA,NA,NA,0,0,0,0,NA,"0",0,0,6,4,6,5,4,6,4,5,7,4,5,5,6,7,7,6,4,6,5,4,6,5,2,5,5,2,5,2,5,6,6,36,10,1,100,3,3,3,4,5,4,4,4,6,4,5,4,NA,NA,NA,NA,NA,NA,NA,NA,5,6,1,6,6,6,15,50000,"Micro","Graphic, communication & digital design",NA
"140",NA,NA,0,92.67,84,0,NA,"R_29pitdPKHMaMtOG",NA,NA,NA,"email","NL","Forms Broker Group B.V.","Directeur","Grafisch",3,3,2004,1,"Almere",4,7,5,1,6,7,4,6,6,5,7,7,7,5,6,6,6,7,4,5,6,4,1,5,6,5,2,2,6,1,4,2,6,1,1,1,1,NA,"6",1,1,1,1,1,NA,0,0,0,0,0,"1",1,1,6,4,6,3,3,4,1,1,7,5,6,6,7,7,7,7,4,5,1,NA,NA,NA,NA,NA,NA,NA,NA,NA,NA,NA,NA,NA,NA,NA,NA,1,1,0,4,7,5,6,4,1,4,5,5,NA,NA,NA,NA,NA,NA,NA,NA,7,1,NA,NA,NA,NA,NA,NA,"Micro","Graphic, communication & digital design",NA
"141",NA,NA,0,92.67,100,1,NA,"R_pMl5KMFzXyvYtEJ",NA,52.150695800781,4.9523010253906,"email","NL","luc engelhard architectuur in buitenruimte","eigenaar","tuin- en landschapsarchitect",1,0,1983,1,"Kockengen",6,6,4,1,7,7,6,4,6,5,7,3,4,5,7,3,4,6,6,2,1,7,4,5,6,6,3,1,3,6,6,1,6,1,5,1,1,NA,"7",4,1,1,1,1,NA,0,0,0,0,NA,"0",0,0,6,5,7,5,5,5,5,4,7,6,5,5,7,7,7,6,4,4,4,6,3,5,2,4,3,4,4,5,4,3,3,10,5,0,95,1,1,0,4,4,4,4,4,4,4,5,4,NA,NA,NA,NA,NA,NA,NA,NA,7,1,6,7,4,3,15,NA,"Micro","Architecture & urban planning",NA
"142",NA,NA,0,92.67,100,1,NA,"R_AzxPIxaiAsWuZlD",NA,51.829696655273,4.9730987548828,"email","NL","Aditude","Eigenaar","Strategie en Creatie",2,2,2007,1,"Gorinchem",5,7,6,7,7,4,1,1,7,6,7,5,6,5,7,7,5,6,4,4,6,6,2,6,6,4,5,1,6,6,7,2,1,6,6,1,4,NA,"5",1,1,5,1,NA,NA,0,1,0,0,NA,"4",4,0,7,4,5,4,2,4,4,4,6,5,4,6,6,6,6,6,4,6,2,5,5,5,4,2,4,5,5,3,5,5,3,60,10,0,110,0,1,1,2,4,4,5,5,3,5,2,3,NA,NA,NA,NA,NA,NA,NA,NA,5,5,3,4,4,7,24,NA,"Micro","Mixed creative services & strategy",NA
"143",NA,NA,0,93.117,100,1,NA,"R_1d4B9RJFwxW06tB",NA,52.382400512695,4.8995056152344,"email","NL","Reklaspits BV","DGA","sign industry",36,34,1972,1,"Wormerveer",7,7,7,4,7,7,1,7,7,1,7,1,4,7,7,5,4,7,7,7,7,2,7,7,5,7,4,3,5,4,6,1,7,1,1,1,NA,NA,"7",1,1,1,1,NA,NA,0,0,0,0,NA,"0",0,0,6,6,6,6,5,7,6,6,7,5,6,7,6,6,7,6,6,6,4,5,4,4,4,2,5,2,3,3,4,2,3,155,2,3,NA,NA,NA,1,4,4,4,4,4,6,4,6,4,NA,NA,NA,NA,NA,NA,NA,NA,7,1,4,5,4,5,5,120,"Small","Graphic, communication & digital design",NA
"144",NA,NA,0,94.133,100,1,NA,"R_yKp4R77iOelozLz",NA,38.716705322266,-9.13330078125,"email","EN","Afdeling Buitengewone Zaken","Strategy Director","Design Research & Service Design",11,97,2012,1,"Rotterdam",6,2,2,7,6,4,1,7,7,2,6,5,6,6,6,5,2,4,2,4,7,2,7,6,4,1,5,4,5,4,7,1,5,1,1,1,NA,NA,"7",1,3,1,1,NA,NA,0,1,0,0,NA,"7",1,1,3,4,7,3,2,6,6,7,6,4,1,5,4,6,4,5,2,5,3,4,5,6,3,5,5,4,6,1,6,4,6,30,87,0,100,4,1,2,2,4,4,3,5,4,3,4,5,NA,NA,NA,NA,NA,NA,NA,NA,1,5,1,2,5,5,83,60000,"Small","Mixed creative services & strategy",NA
"145",NA,NA,0,94.168,100,1,NA,"R_1n14k4OUk6985aX",NA,52.330993652344,4.8742065429688,"email","EN","Rademacher de Vries Architects","Owner","Architecture",4,4,2014,1,"Amsterdam",7,7,4,7,7,7,1,5,7,4,7,2,2,6,7,7,2,6,6,3,6,6,6,6,6,5,4,5,7,6,7,4,2,2,2,2,NA,NA,"7",1,5,1,1,1,NA,0,0,0,0,NA,"0",0,0,6,5,7,7,4,7,7,7,7,3,5,5,5,5,4,5,5,5,4,1,7,6,6,3,5,5,6,5,7,6,5,5,10,3,85,1,1,1,4,4,4,4,4,6,6,6,3,NA,NA,NA,NA,NA,NA,NA,NA,2,NA,5,3,5,7,10,5000,"Micro","Architecture & urban planning",NA
"147",NA,NA,0,94.211,84,0,NA,"R_1nNr0yW5iQNJcwz",NA,NA,NA,"email","NL","Mirror Image Photography & Film","Eigenaar","Zakelijke fotografie",2,12,2000,1,"Vinkeveen",6,6,6,4,6,6,4,6,6,6,6,6,2,4,6,5,4,6,6,6,6,6,6,6,6,4,5,5,5,2,6,6,6,6,4,2,4,NA,"6",2,1,1,1,NA,NA,0,0,0,0,NA,"0",0,0,6,6,6,7,6,6,4,4,6,1,1,5,7,7,7,4,6,4,1,NA,NA,NA,NA,NA,NA,NA,NA,NA,NA,NA,NA,NA,NA,NA,NA,NA,NA,NA,5,2,5,4,3,5,3,6,3,NA,NA,NA,NA,NA,NA,NA,NA,6,2,NA,NA,NA,NA,NA,NA,"Micro","Audiovisual services & animation",NA
"148",NA,NA,0,94.212,100,1,NA,"R_6unJKqJ3k6l2h0t",NA,53.230102539062,6.5724945068359,"email","NL","Wolsink IT","mede eigenaar","IT",2,NA,2017,1,"thuis",4,7,2,5,6,7,5,2,7,1,7,7,4,7,7,7,7,7,7,7,7,7,4,7,5,1,5,4,7,7,7,1,7,5,1,3,NA,NA,"7",1,1,1,1,7,"uitkering (Wajong)",0,0,0,0,NA,"5",6,7,3,6,7,5,7,7,5,6,7,5,4,7,7,7,6,7,7,7,2,6,2,7,6,6,7,6,7,2,1,7,7,12,0,0,30,1,2,2,7,7,5,5,4,6,4,5,5,NA,NA,NA,NA,NA,NA,NA,NA,4,6,1,7,5,3,0,3000,"Micro","Advertisement & marketing",NA
"149",NA,NA,0,94.212,100,1,NA,"R_3EgLSr312zeGFN5",NA,53.260696411133,6.3957061767578,"email","NL","architectuur studio SKA","architect eigenaar","particuliere woningbouw",8,72,2010,2,"Niekerk en Arnhem",4,7,6,5,7,7,4,2,7,6,7,6,3,6,5,5,6,5,6,2,4,7,4,6,5,4,6,1,5,4,7,2,1,1,2,2,NA,NA,"7",1,1,1,1,NA,NA,0,0,0,0,NA,"0",0,0,6,5,6,6,6,6,5,3,7,5,5,6,6,5,6,6,6,5,5,6,6,6,6,6,7,5,5,5,7,6,7,25,5,1,75,2,2,1,5,5,5,5,4,4,4,5,6,NA,NA,NA,NA,NA,NA,NA,NA,5,1,6,6,6,7,NA,37,"Micro","Architecture & urban planning",NA
"150",NA,NA,0,94.232,100,1,NA,"R_2l5kD8j9Wt8rLvr",NA,52.299194335938,4.6961975097656,"email","NL","Rhumaa BV","CEO","Fashion",10,10,2015,2,"AMSTERDAM EN CAPE TOWN",1,7,1,1,1,7,7,7,7,1,1,1,1,7,7,4,4,7,7,4,7,7,1,4,7,4,4,1,1,1,1,1,7,1,1,1,1,NA,"7",1,1,1,1,1,NA,0,0,0,0,NA,"7",0,0,7,4,4,7,7,4,7,7,7,7,7,7,7,4,7,4,7,7,4,7,4,7,7,4,7,4,7,4,4,7,7,NA,30,1,NA,2,1,1,4,4,4,4,4,4,7,7,4,NA,NA,NA,NA,NA,NA,NA,NA,1,1,1,7,7,4,NA,1e+05,"Small","Products",NA
"151",NA,NA,0,95.155,100,1,NA,"R_2q8nsieWYoGyu5P",NA,52.656402587891,5.05419921875,"anonymous","NL","Abovo Media","commercieel directeur","media-advies",128,NA,1999,1,"Hoorn",7,7,7,7,5,7,7,4,7,7,7,4,1,6,4,5,7,6,4,6,3,7,1,7,3,6,1,1,1,1,2,1,1,2,6,4,1,NA,"7",1,1,1,1,1,NA,0,0,0,0,NA,"0",0,0,6,4,1,2,1,1,2,4,4,7,2,6,6,6,7,6,6,7,2,6,5,4,5,1,6,7,2,1,7,6,4,NA,NA,NA,NA,9,0,0,4,7,6,7,7,7,4,7,6,NA,NA,NA,NA,NA,NA,NA,NA,7,1,1,4,7,5,NA,NA,"Medium","Advertisement & marketing",NA
"152",NA,NA,0,95.96,100,1,NA,"R_3qQK6AZ3HAUTPQW",NA,52.376998901367,4.8739929199219,"email","NL","lele.surf","eigenaar","ontwerpen en verkopen t-shirts met surf-designs",2,1,2017,1,"amsterdam",5,1,5,1,1,2,6,5,3,1,3,1,1,6,6,3,2,5,7,2,2,7,1,3,2,5,1,1,5,5,1,1,7,1,1,1,1,NA,"7",1,1,1,1,7,"spaargeld",0,0,0,0,NA,"0",0,0,5,1,3,1,1,1,1,1,7,7,2,7,5,1,7,6,6,4,1,4,4,4,4,7,1,6,4,4,4,4,4,NA,NA,NA,NA,2,1,1,4,4,4,4,4,4,4,4,4,NA,NA,NA,NA,NA,NA,NA,NA,3,1,1,7,4,4,NA,NA,"Micro","Products",NA
"154",NA,NA,0,95.97,100,1,NA,"R_1C9pkhAbEKr17Dj",NA,52.367706298828,4.8551025390625,"email","NL","DUTCH PICTURE INDUSTRY","Managing Director","media",4,4,2004,1,"Amsterdam",7,7,7,5,7,7,7,7,7,2,7,7,1,7,6,6,7,7,7,4,7,7,2,7,1,5,5,1,7,7,6,6,7,4,1,1,1,NA,"6",6,6,6,1,1,NA,1,1,0,0,NA,"7",2,3,7,5,7,7,3,7,7,7,7,1,3,7,7,7,7,7,7,7,3,7,6,7,1,1,7,7,7,6,7,7,7,5,5000,4,350,1,2,2,1,4,4,1,1,4,1,6,1,NA,NA,NA,NA,NA,NA,NA,NA,1,1,1,4,1,7,60,NA,"Micro","Advertisement & marketing",NA
"155",NA,NA,0,95.97,100,1,NA,"R_ZaXFHJp4dMDFWcp",NA,52.370895385742,4.8816070556641,"anonymous","EN","NorthernLight","Director","Experience design",20,16,1998,2,"Amsterdam and Shanghai",5,6,6,4,7,5,1,1,7,5,7,2,3,6,6,6,2,2,6,3,6,2,6,5,6,7,2,2,3,2,6,2,1,2,4,2,-99,"-99","6",2,1,1,4,-99,"-99",3,1,1,0,-99,"2",2,7,6,4,7,7,3,7,7,7,6,6,4,4,6,6,6,3,5,4,3,4,5,6,5,5,4,2,5,4,3,2,1,12,80,4,100,2,2,2,4,4,4,4,3,4,6,4,6,1,6,1,2,5,200,11,5,NA,NA,NA,NA,NA,NA,NA,NA,"Small","Mixed creative services & strategy",NA
"156",NA,NA,0,95.97,100,1,NA,"R_3g7AXbEfNV5Broe",NA,52.373504638672,4.8950958251953,"email","NL","thispagecannotbefound.com BV","Partner","Digital advertising and solutions",18,18,2009,1,"Amsterdam",7,7,7,5,7,7,6,7,7,2,7,6,5,6,6,7,2,5,5,6,7,7,2,6,2,5,2,4,5,4,7,2,5,2,2,2,2,NA,"7",6,1,1,1,1,NA,1,2,0,0,NA,"7",5,7,7,6,7,6,6,6,5,4,6,5,4,7,6,7,7,6,6,6,4,7,6,6,3,3,7,3,5,7,4,5,6,40,25,10,100,2,1,1,4,2,4,4,4,6,5,4,6,NA,NA,NA,NA,NA,NA,NA,NA,2,5,5,6,5,4,15,70000,"Small","Advertisement & marketing",NA
"157",NA,NA,0,95.97,100,1,NA,"R_2D8EcpTiwCAg0oR",NA,51.846298217773,5.8625946044922,"anonymous","NL","frog&friends Group / Sfeerdecor.nl","eigenaar-directeur","sfeer maken",3,25,1993,1,"Hedel",5,6,4,3,7,6,4,7,6,3,7,1,2,7,7,7,6,7,6,2,6,2,5,6,1,7,5,5,4,6,5,7,2,2,2,1,7,"performance op evenementvloer","7",1,1,2,1,1,NA,0,0,0,0,NA,"0",0,0,7,4,7,7,7,6,6,4,6,6,4,7,6,7,6,7,6,7,4,6,4,7,6,3,6,2,5,7,7,6,6,12,2,0,48,1,1,2,4,4,6,7,6,6,4,6,6,NA,NA,NA,NA,NA,NA,NA,NA,1,1,1,7,4,5,50,75,"Micro","Spatial design & interior architecture",NA
"158",NA,NA,0,95.97,100,1,NA,"R_0p2pz2mWbwC3XH3",NA,52.373504638672,4.8950958251953,"email","NL","RAADHUIS creative agency","Directeur","Communicatie",16,12,1974,1,"Oudorp",4,6,6,7,7,7,6,5,7,7,7,6,6,2,6,6,2,7,2,6,7,6,4,7,4,4,4,2,6,2,7,1,5,6,6,1,1,NA,"7",1,1,1,1,1,NA,0,0,0,0,NA,"0",0,0,6,5,6,5,5,4,6,6,6,3,3,3,6,6,6,6,6,6,3,7,6,6,3,2,4,2,5,6,1,3,5,400,0,0,90,2,1,1,3,4,3,2,4,4,4,4,4,NA,NA,NA,NA,NA,NA,NA,NA,7,1,5,5,6,6,NA,NA,"Small","Graphic, communication & digital design",NA
"161",NA,NA,0,109.236,100,1,NA,"R_1d6OUnTmLArJtWP",NA,51.916702270508,4.5,"email","NL",NA,"Eigenaar","Retail",3,NA,2008,1,"Amsterdam",5,6,4,2,5,2,6,6,4,2,4,1,1,4,6,5,2,6,4,3,4,7,2,4,5,6,2,2,5,4,5,2,7,1,1,1,NA,NA,"6",3,1,4,1,NA,NA,0,0,0,0,NA,"0",0,0,4,4,5,6,5,6,6,5,6,6,5,6,7,4,6,5,4,5,4,5,6,6,3,4,6,4,4,4,4,3,6,3,1,1,NA,NA,2,NA,3,3,3,4,4,4,4,5,3,NA,NA,NA,NA,NA,NA,NA,NA,2,1,2,6,6,4,NA,NA,"Micro","Advertisement & marketing",NA
"162",NA,NA,0,145.129,84,0,NA,"R_2XmxmmtnVUA4B2l",NA,NA,NA,"email","NL","Tryn3dprinting/Makerpoint","eigenaar","Additive Manufacturing",2,2,2010,1,"Harlingen",5,6,6,7,7,7,7,6,6,6,7,7,4,5,6,6,4,6,6,6,6,4,4,6,4,5,4,4,6,4,6,1,6,1,6,5,1,NA,"7",1,1,1,1,1,NA,1,0,0,0,NA,"7",4,7,6,6,6,6,6,6,6,6,6,6,6,6,6,6,6,6,6,6,5,NA,NA,NA,NA,NA,NA,NA,NA,NA,NA,NA,NA,NA,NA,NA,NA,2,2,NA,4,4,4,4,4,4,4,6,6,NA,NA,NA,NA,NA,NA,NA,NA,6,1,NA,NA,NA,NA,NA,NA,"Micro","Products",NA
"163",NA,NA,0,145.131,100,1,NA,"R_3O8jQVZ0DLkfQAf",NA,52.382400512695,4.8995056152344,"email","NL","Sterk Reclamebureau b.v.","Directeur / Eigenaar","Positionering en campagnes",6,6,2006,1,"Lieshout en per 01-06 Eindhoven",4,6,2,5,6,5,5,4,6,2,7,6,2,6,6,5,3,4,2,7,6,4,4,6,6,6,3,1,4,6,7,1,4,1,5,3,1,NA,"6",1,1,1,1,1,NA,1,1,0,0,NA,"1",5,1,6,4,6,5,7,4,2,2,6,5,5,7,6,7,6,6,6,7,6,6,3,5,2,2,5,4,5,5,2,4,3,600,1,0,90,NA,NA,1,4,4,3,4,4,4,3,4,3,NA,NA,NA,NA,NA,NA,NA,NA,4,2,3,4,4,7,60,100,"Micro","Advertisement & marketing",NA
"164",NA,NA,0,145.131,100,1,NA,"R_25uQj3gEdBvlkmT",NA,52.382400512695,4.8995056152344,"email","NL","exelle BV","directeur/eigenaar","head design",3,37,1985,1,"Enschede",1,1,5,1,5,7,7,7,1,1,1,1,1,6,7,5,3,6,7,1,7,7,1,5,5,6,6,1,4,1,1,1,7,1,1,1,1,NA,"7",1,1,1,1,1,NA,0,0,0,0,NA,"0",0,0,7,1,1,7,5,7,1,4,7,7,7,7,7,4,7,7,6,7,4,7,1,7,2,1,1,1,1,7,1,1,7,NA,NA,NA,NA,0,1,1,2,1,1,4,2,4,1,4,4,NA,NA,NA,NA,NA,NA,NA,NA,7,1,4,7,4,7,NA,NA,"Micro","Products",NA
"167",NA,NA,0,145.94,100,1,NA,"R_2CTiAWaVeLmFPn4",NA,52.020797729492,4.3730010986328,"anonymous","NL","Studio Davero","CEO","Design",2,NA,2016,1,"Rotterdam",5,7,5,6,7,6,5,7,7,4,7,7,2,4,7,7,5,7,7,3,6,6,2,5,7,5,6,5,7,6,5,6,6,2,6,6,1,NA,"6",4,4,1,1,1,NA,0,0,0,0,NA,"0",0,0,7,7,5,6,5,7,7,7,7,4,3,7,7,7,7,6,7,4,4,5,4,7,6,3,4,3,4,4,3,4,4,2,0,1,45,NA,2,NA,4,6,2,4,4,4,6,7,3,NA,NA,NA,NA,NA,NA,NA,NA,1,4,1,6,4,6,20,NA,"Micro","Spatial design & interior architecture",NA
"169",NA,NA,0,148.69,100,1,NA,"R_3dYxoud8GRVnlTr",NA,38.716705322266,-9.13330078125,"email","NL","envisions","owner","design",0,3,2016,1,"eindhoven",3,7,2,7,7,6,1,7,7,7,7,7,1,6,4,7,2,7,6,4,6,2,4,7,7,7,2,2,7,7,7,5,2,1,7,1,1,NA,"7",1,5,3,1,1,NA,0,0,0,0,NA,"0",0,0,7,7,7,5,7,5,7,5,7,5,3,7,7,7,7,7,5,7,5,5,6,6,2,2,5,2,4,2,5,6,5,3,100,0,45,0,1,0,4,4,4,4,4,7,7,6,7,NA,NA,NA,NA,NA,NA,NA,NA,2,1,1,6,6,5,10,NA,"Micro","Mixed creative services & strategy",NA
"171",NA,NA,0,178.25,100,1,NA,"R_3Gm025ZfL8lKVXL",NA,51.848098754883,5.8446960449219,"email","NL","De Smeltkroes","Smeltmeester","makersplaats",5,3,2014,1,"Nijmegen",7,7,7,7,7,6,6,5,6,7,7,6,4,6,7,7,6,7,7,7,7,7,7,6,6,5,5,5,5,4,5,1,6,7,1,1,7,"verhuur ruimtes","7",1,4,6,1,5,"externe verhuur",1,1,0,0,NA,"4",7,2,6,6,6,5,5,6,6,5,7,4,3,5,5,6,6,7,5,6,3,6,7,7,4,2,7,5,5,5,7,3,6,20,2,2,NA,2,3,3,4,4,4,4,6,6,6,6,4,NA,NA,NA,NA,NA,NA,NA,NA,7,1,7,5,6,5,NA,NA,"Micro","Mixed creative services & strategy",NA
"172",NA,NA,0,178.25,100,1,NA,"R_2t50wkgpjvufx8k",NA,51.960403442383,5.8161926269531,"email","NL","Art factory","directeur/eigenaar","Concept & Art-Direction",1,1,1992,1,"Overbetuwe",4,7,4,6,7,7,4,7,7,5,6,5,1,7,7,7,7,7,7,7,7,4,6,7,7,7,7,3,5,1,7,1,2,1,4,2,1,NA,"7",1,1,1,1,1,NA,0,0,0,0,NA,"0",0,0,1,5,6,1,1,5,7,3,7,6,4,1,7,7,7,7,7,7,1,7,4,6,6,4,6,4,6,3,2,6,7,50,125,0,125,NA,1,NA,2,4,4,4,4,2,2,4,2,NA,NA,NA,NA,NA,NA,NA,NA,2,5,1,7,3,1,75,150,"Micro","Mixed creative services & strategy",NA
"174",NA,NA,0,185.181,100,1,NA,"R_1DPf4ciS1U8xPqR",NA,52.382400512695,4.8995056152344,"email","NL","Piepschuimreclame.nl","Eigenaar","3D objecten produceren",8,7,2012,1,"Emmen",6,5,7,1,5,7,6,6,6,1,7,3,1,5,7,5,6,6,2,6,7,1,3,6,3,5,2,1,6,3,2,1,7,1,3,1,1,NA,"7",1,1,1,1,1,NA,1,1,1,0,NA,"7",3,6,6,4,7,7,3,5,6,6,7,6,7,5,7,6,6,5,6,6,6,6,5,7,5,6,7,2,6,5,6,6,5,250,5,0,75,1,1,1,3,2,6,5,6,7,3,6,7,NA,NA,NA,NA,NA,NA,NA,NA,3,1,1,6,7,6,60,1e+05,"Micro","Products",NA
"175",NA,NA,0,185.214,100,1,NA,"R_22XP5mteLp6OobE",NA,52.083297729492,4.3000030517578,"email","EN","Buro BRAND Visuele Communicatie","Director","Visuele Communicatie",10,10,1999,1,"Den Haag",7,7,4,5,7,5,3,6,7,4,5,7,5,5,7,7,6,7,3,7,7,1,4,7,3,5,7,3,6,5,7,7,6,3,4,1,1,"none","7",2,1,1,1,1,"none",1,0,0,0,NA,"0",0,0,6,6,5,6,5,7,5,4,7,5,5,5,6,7,7,6,2,7,5,7,4,6,3,5,2,1,4,2,1,2,6,100,5,0,100,1,3,1,6,5,6,5,5,6,7,6,6,NA,NA,NA,NA,NA,NA,NA,NA,4,2,1,7,7,3,55,80,"Small","Graphic, communication & digital design",NA
"177",NA,NA,0,185.43,100,1,NA,"R_3qyg10EKnHoXdka",NA,52.345504760742,4.8607025146484,"email","NL","Emily van Vught","Eigenaar (eenmanszaak)","Merkstrategie & branding",1,1,2017,1,"Rotterdam",5,6,2,7,7,5,2,2,7,1,5,6,1,5,6,6,1,6,5,5,7,1,1,5,3,1,3,3,5,2,6,1,4,1,1,1,1,NA,"7",1,1,1,1,1,NA,0,0,0,0,NA,"0",0,0,1,4,2,1,6,2,4,3,6,5,2,7,7,7,7,6,1,5,1,6,6,6,5,3,7,3,3,4,6,2,6,5,0,0,95,0,NA,NA,5,4,6,1,6,5,3,5,3,NA,NA,NA,NA,NA,NA,NA,NA,1,5,6,6,5,2,NA,50000,"Micro","Mixed creative services & strategy",NA
"178",NA,NA,0,185.59,100,1,NA,"R_2ANHgFqKH1TUU66",NA,52.338592529297,4.9201049804688,"email","EN","VERTOV","creative director","film production",4,4,2012,1,"Amsterdam",5,6,3,6,7,7,6,7,7,4,7,5,3,7,7,7,5,7,3,5,2,7,3,6,5,6,3,2,2,2,3,2,7,3,5,1,4,NA,"7",1,3,1,3,4,NA,1,1,0,0,NA,"2",2,4,6,7,7,7,7,6,7,6,6,6,6,7,7,6,6,7,7,6,3,6,3,7,1,5,6,4,7,3,6,2,6,25,15,10,NA,1,1,1,2,6,4,4,4,4,4,4,4,NA,NA,NA,NA,NA,NA,NA,NA,2,5,1,7,3,5,15,NA,"Micro","Products",NA
"179",NA,NA,0,185.66,100,1,NA,"R_2eQB43oCDG3xf5o",NA,51.703399658203,5.2740936279297,"anonymous","NL","Riesenkind","Eigenaar / grafisch ontwerper","Book design",2,2,2007,1,"Den Bosch",7,4,1,5,7,7,1,7,5,1,7,4,1,7,7,6,3,6,7,4,7,1,1,6,2,2,3,1,1,1,6,1,7,2,3,1,-99,"-99","7",1,1,1,1,-99,"-99",1,0,0,0,-99,"7",1,0,1,5,7,7,5,5,2,1,7,6,4,6,7,7,7,7,5,5,1,7,7,6,4,7,4,7,7,6,6,7,5,-99,-99,-99,-99,-99,-99,-99,4,4,2,4,4,5,2,4,6,0,1,1,-99,-99,-99,-99,-99,NA,NA,NA,NA,NA,NA,NA,NA,"Micro","Graphic, communication & digital design",NA
"180",NA,NA,0,185.82,100,1,NA,"R_1lxXuVFwRBR4YYV",NA,51.916702270508,4.5,"email","NL","BAM Raakt!","eigenaar","Strategisch creatief!",5,4,2011,1,"Enschede",5,6,7,6,6,6,6,1,7,1,6,3,3,5,5,4,4,5,5,5,6,3,4,5,5,5,5,1,3,5,7,1,4,2,1,1,1,NA,"7",1,1,1,1,1,NA,0,0,0,0,NA,"0",0,0,6,5,5,4,5,6,5,5,7,5,2,5,4,7,4,5,6,7,1,5,5,5,6,4,7,2,4,5,6,6,6,100,0,0,100,1,1,1,2,6,3,6,6,4,2,5,5,NA,NA,NA,NA,NA,NA,NA,NA,7,1,4,4,2,5,80,40000,"Micro","Mixed creative services & strategy",NA
"181",NA,NA,0,185.97,100,1,NA,"R_3pu1xyQll3BqJc5",NA,51.916702270508,4.5,"gl","NL","Spark design & innovation","Director","Product innovation",32,27,1992,2,"Rotterdam and Recife (Brazil)",1,5,6,5,7,6,2,2,7,4,7,7,2,5,6,5,3,6,6,2,6,5,3,6,5,6,2,2,6,3,7,3,1,1,1,1,2,NA,"7",2,3,1,1,-99,"-99",1,2,0,0,-99,"4",1,1,6,7,7,7,6,7,3,6,6,4,5,7,7,7,7,6,6,4,2,2,2,6,1,6,3,3,2,6,2,2,5,-99,-99,24,-99,3,-99,-99,5,5,6,5,4,6,5,6,5,1,7,1,-99,-99,-99,-99,-99,NA,NA,NA,NA,NA,NA,NA,NA,"Small","Products",NA
"182",NA,NA,0,186.159,100,1,NA,"R_3dEOBNy6H2lVBTn",NA,12.149993896484,-68.266700744629,"email","NL","SMASH Visual Media","Mede Eigenaar","Filmproducties van A tot Z",3,3,2015,1,"Doetinchem",6,5,2,5,7,7,5,6,6,5,6,5,4,4,4,5,5,5,3,3,5,3,4,5,5,2,2,5,4,3,3,2,3,4,4,1,1,NA,"6",2,2,1,1,1,NA,0,0,0,0,NA,"0",0,0,6,4,6,4,5,4,5,3,4,6,5,5,6,6,6,5,5,5,5,5,5,5,4,5,5,5,4,6,2,3,5,30,0,0,90,2,0,0,6,5,6,4,4,6,4,4,5,NA,NA,NA,NA,NA,NA,NA,NA,5,4,2,6,5,5,50,0,"Micro","Products",NA
"183",NA,NA,0,188.202,100,1,NA,"R_2velKFAhoMbkBFg",NA,52.098403930664,5.1342010498047,"email","NL","Click Communicatie","Creatief directeur","communicatiecampagnes en -middelen",1,1,1996,1,"Utrecht",7,7,4,5,7,7,4,7,7,1,7,5,2,7,7,5,6,7,7,1,7,4,4,6,6,7,1,1,4,1,7,2,3,2,5,3,NA,NA,"7",1,2,1,1,NA,NA,0,0,0,0,NA,"0",0,0,1,6,6,4,1,4,4,5,7,2,4,4,7,7,7,6,6,5,1,2,6,5,6,1,5,4,4,1,6,1,2,60,0,0,100,0,1,0,4,6,5,4,7,4,2,7,4,NA,NA,NA,NA,NA,NA,NA,NA,5,1,1,5,7,1,15,100,"Micro","Graphic, communication & digital design",NA
"184",NA,NA,0,188.203,84,0,NA,"R_yRdrGKkeJNUbpMl",NA,NA,NA,"email","NL","windkracht 10","eigenaar - art director","communicatieoplossingen",4,4,1997,1,"rijpwetering",6,5,2,2,7,7,2,2,7,4,7,2,2,7,7,6,6,7,5,7,6,4,1,6,6,4,4,4,4,4,7,1,1,1,6,4,NA,NA,"7",5,1,1,2,NA,NA,0,0,0,0,NA,"0",0,0,7,4,7,4,4,6,1,6,7,6,5,5,7,7,7,6,6,5,4,NA,NA,NA,NA,NA,NA,NA,NA,NA,NA,NA,NA,NA,NA,NA,NA,0,1,0,4,4,4,4,3,6,4,5,5,NA,NA,NA,NA,NA,NA,NA,NA,5,1,NA,NA,NA,NA,NA,NA,"Micro","Graphic, communication & digital design",NA
"186",NA,NA,0,188.207,100,1,NA,"R_3HqtLXeKzeS9JlD",NA,52.382400512695,4.8995056152344,"email","NL","PROUDdesign","directeur/eigenaar","packaging design",12,10,2003,1,"Amsterdam",7,1,1,4,7,7,1,1,7,3,7,5,1,5,6,7,3,6,1,1,3,7,1,6,5,2,5,1,5,1,7,2,1,1,1,1,-99,"-99","7",1,1,1,1,-99,"-99",0,2,0,0,-99,"-99",7,-99,6,5,7,7,6,7,4,4,6,3,4,3,6,7,6,6,1,1,1,7,7,7,7,1,5,5,1,1,7,6,6,4,50,5,135,0,1,1,6,4,5,5,6,6,2,6,2,0,1,1,2,0,450,0,0,NA,NA,NA,NA,NA,NA,NA,NA,"Small","Graphic, communication & digital design",NA
"187",NA,NA,0,193.173,100,1,NA,"R_3gO3JFvaDu1CdME",NA,52.34880065918,4.8468017578125,"email","NL","WWAV","MD","Marketing communications",22,19,1997,2,"Amsterdam, Brussels",5,7,7,7,7,7,2,6,7,2,6,2,2,6,6,2,2,6,7,2,2,7,7,6,6,6,5,5,6,6,7,1,6,2,6,1,1,NA,"6",2,2,2,1,1,NA,2,2,0,0,NA,"5",1,6,7,5,7,7,2,7,5,7,7,5,7,7,7,7,6,7,7,5,5,6,4,6,2,6,6,2,6,6,2,6,6,300,20,0,125,5,1,2,4,4,4,2,4,4,2,4,6,NA,NA,NA,NA,NA,NA,NA,NA,6,5,4,6,2,3,15,95,"Small","Graphic, communication & digital design",NA
"188",NA,NA,0,194.151,100,1,NA,"R_41ShKO4qhIiVPa1","Urban Connectors",52.382400512695,4.8995056152344,"email","NL","Urban Connectors","founder","open innovation, projectmanagement, process facilitation, research",2,16,2013,1,"amsterdam",1,6,6,7,5,6,2,1,7,1,7,5,1,6,6,7,2,7,5,4,5,1,7,5,5,3,1,1,7,1,7,1,1,1,1,1,1,"-99","7",1,7,1,1,1,"-99",0,0,0,0,-99,"0",0,0,7,7,7,3,5,7,7,7,7,6,2,6,7,7,6,7,5,5,2,6,1,5,1,5,5,3,5,1,1,1,7,4,2,0,65,NA,5,5,4,4,3,2,4,5,3,7,3,0,5,1,35,217,29000,-99,20,NA,NA,NA,NA,NA,NA,NA,NA,"Micro","Architecture & urban planning",NA
"189",NA,NA,0,195.225,100,1,NA,"R_3qfIxX1jul32IAt",NA,52.366806030273,4.8681030273438,"anonymous","NL","DPid","creative director","communicatie ontwerp",2,2,1991,1,"Amsterdam",5,7,4,7,7,6,4,3,7,2,7,7,2,6,7,5,3,5,6,7,7,2,4,7,4,5,5,1,3,2,6,1,1,1,3,1,-99,"-99","7",1,1,1,1,1,"-99",0,0,0,1,NA,"4",1,4,6,4,6,4,4,5,6,4,4,7,5,6,5,5,6,5,6,6,3,2,4,3,3,3,3,5,2,2,5,4,5,5,0,1,85,2,2,1,1,5,1,4,1,4,5,6,3,0,5,1,65,0,30,NA,10,NA,NA,NA,NA,NA,NA,NA,NA,"Micro","Graphic, communication & digital design",NA
"190",NA,NA,0,195.225,100,1,NA,"R_3FJTmSUxheDKRyD",NA,52.366806030273,4.8681030273438,"email","NL","DPid","directeur / eigenaar","branding",2,2,1991,1,"Amsterdam",6,7,4,4,7,5,4,4,7,6,7,6,2,5,6,5,4,5,4,1,7,1,3,6,5,5,4,1,5,4,7,1,1,1,4,1,1,NA,"7",1,1,1,1,1,NA,0,0,0,0,NA,"0",0,0,5,5,3,4,6,5,5,5,4,5,3,4,5,7,5,3,5,6,1,7,7,5,6,2,6,6,5,1,6,6,3,10,20,1,80,1,2,1,1,6,3,6,6,4,4,4,2,NA,NA,NA,NA,NA,NA,NA,NA,6,1,5,5,7,7,5,NA,"Micro","Advertisement & marketing",NA
"191",NA,NA,0,195.35,100,1,NA,"R_1itd3s3fvr9THas",NA,52.281204223633,4.8269958496094,"email","NL","PSfm B.V.","Operational Manager","Field Marketing",40,36,1996,1,"Amstelveen",2,6,7,2,6,7,7,3,7,7,6,7,3,7,6,6,2,7,6,6,6,6,2,6,6,6,6,1,7,3,7,1,5,2,5,1,1,NA,"7",2,1,1,1,1,NA,2,0,0,0,NA,"7",2,6,6,6,2,2,5,5,2,2,6,6,7,7,7,7,7,6,5,6,1,5,4,5,2,2,5,6,2,4,5,6,5,10,5,1,23,1,1,2,5,3,3,4,4,7,6,7,5,NA,NA,NA,NA,NA,NA,NA,NA,7,1,2,6,6,5,NA,NA,"Small","Advertisement & marketing",NA
"193",NA,NA,0,212.183,100,1,NA,"R_1go740ipXtqiGM5",NA,47.031005859375,15.372695922852,"email","NL","Strating Dilling Kantoorinrichting","eigenaar","kantoorinrichting",2,2,2006,1,"assen",4,7,1,4,7,7,7,2,4,4,7,7,1,6,6,7,4,7,5,5,7,4,7,7,1,7,4,1,3,3,2,1,7,1,3,1,1,NA,"7",1,1,1,1,1,NA,0,0,0,0,NA,"0",0,0,7,7,7,5,4,7,5,5,5,7,7,7,7,7,7,7,7,7,2,1,4,4,3,7,1,1,2,3,1,5,5,6,1,0,4750,1,1,1,5,4,6,7,1,7,5,7,5,NA,NA,NA,NA,NA,NA,NA,NA,4,1,1,7,7,5,30,350000,"Micro","Spatial design & interior architecture",NA
"194",NA,NA,0,212.92,100,1,NA,"R_3QQwQU6WXrVXwil",NA,52.382400512695,4.8995056152344,"email","EN","BCXSY","co-owner","product-design",2,2,2007,1,"Amsterdam",2,6,4,6,6,7,4,3,5,3,6,3,2,5,5,6,3,5,5,5,4,4,3,5,4,4,4,2,3,3,4,6,4,3,5,2,4,NA,"6",3,4,1,1,4,NA,10,90,0,0,NA,"5",4,5,6,4,6,5,5,5,5,5,7,5,5,5,6,5,4,6,4,4,5,3,3,3,2,5,5,3,4,4,4,3,4,6,95,3,0,2,2,2,3,3,4,4,4,4,3,4,5,NA,NA,NA,NA,NA,NA,NA,NA,2,2,2,4,4,5,40,0,"Micro","Products",NA
"196",NA,NA,0,213.125,100,1,NA,"R_r0e0tPY2IZsqGTn",NA,51.566696166992,4.8000030517578,"anonymous","NL","Newton21 Breda BV","Account","Reclame",12,12,2001,1,"Breda",7,7,7,6,7,7,6,6,7,4,7,7,5,7,7,4,7,7,6,6,5,7,3,7,2,3,2,2,3,3,7,2,1,2,2,1,1,NA,"7",1,1,1,1,1,NA,0,0,0,0,NA,"0",0,0,7,6,6,7,4,4,6,3,7,7,5,7,7,7,7,6,6,7,6,7,4,5,4,1,4,7,7,7,4,4,4,1200,5,0,75,2,1,1,4,6,4,7,6,7,4,7,6,NA,NA,NA,NA,NA,NA,NA,NA,4,1,1,4,4,1,25,1e+05,"Small","Advertisement & marketing",NA
"197",NA,NA,0,213.125,100,1,NA,"R_3lQUYyW3mHxaEvg",NA,50.85009765625,5.6882019042969,"email","NL","Zuiderlicht","directeur","digital, brand, content design",24,21,1986,1,"Maastricht",7,7,6,7,7,7,4,2,7,1,7,5,5,7,7,7,1,7,2,2,7,4,4,7,7,2,2,1,6,1,7,1,1,3,7,3,1,NA,"7",1,1,1,1,1,NA,0,0,0,0,NA,"0",0,0,7,6,7,7,7,4,5,5,7,4,2,3,7,7,7,7,7,6,2,7,6,7,6,4,7,5,6,6,4,7,7,100,2,10,100,3,1,1,4,2,4,2,4,7,4,7,5,NA,NA,NA,NA,NA,NA,NA,NA,7,1,2,7,4,7,7,100,"Small","Graphic, communication & digital design",NA
"198",NA,NA,0,213.125,100,1,NA,"R_241Pi4zkqKYCvSl",NA,52.08430480957,5.0113983154297,"anonymous","NL","Kummer & Herrman","creatief directeur","Grafisch en ruimtelijk ontwerp",8,65,1998,1,"utrecht",2,7,2,6,7,7,3,2,7,6,7,1,1,6,7,7,2,7,7,2,7,7,2,7,7,5,7,2,6,7,7,1,1,1,2,1,1,NA,"7",1,6,2,1,1,NA,0,0,0,0,NA,"0",0,0,7,4,7,6,7,4,7,4,6,4,4,1,7,6,7,7,7,7,1,2,7,6,4,6,7,4,6,6,6,6,4,25,25,5,80,2,2,1,3,4,4,3,3,6,4,6,4,NA,NA,NA,NA,NA,NA,NA,NA,6,1,2,6,5,7,NA,85000,"Micro","Graphic, communication & digital design",NA
"199",NA,NA,0,213.126,100,1,NA,"R_1GCzZvVguAJI4Xi",NA,52.098403930664,5.1342010498047,"email","NL","Link magazine","dga","Verbinden van lezers",7,3,1998,1,"Drunen",6,7,5,4,4,5,5,6,4,7,6,5,1,7,7,6,6,7,6,3,7,3,4,5,5,6,3,2,6,6,4,1,1,4,3,1,7,"advertentie verkoop","7",2,1,1,1,1,NA,0,0,0,0,NA,"0",0,0,6,7,7,4,4,7,6,6,6,6,5,7,7,7,7,7,7,7,4,3,2,3,4,2,7,1,7,2,4,1,6,6,10,0,NA,1,3,1,7,5,7,7,7,7,7,7,7,NA,NA,NA,NA,NA,NA,NA,NA,2,2,1,7,1,6,30,350,"Micro","Mixed creative services & strategy",NA
"200",NA,NA,0,213.126,100,1,NA,"R_2a9A15TDRi3jJdf",NA,51.916702270508,4.5,"email","NL","SILO","Partner/Creative director","Design",17,12,2008,1,"Den Haag",7,7,7,7,7,6,2,7,7,4,7,1,2,6,7,7,2,4,7,6,7,4,6,7,4,4,2,1,4,2,7,1,7,4,7,5,1,NA,"7",1,1,1,1,1,NA,0,0,0,0,NA,"0",0,0,7,7,7,7,6,5,6,5,7,4,4,4,5,7,7,6,6,7,6,6,7,7,6,7,2,7,6,7,2,7,7,30,2,30,100,2,1,1,4,5,4,5,5,4,3,4,4,NA,NA,NA,NA,NA,NA,NA,NA,2,1,1,1,7,4,20,70000,"Small","Mixed creative services & strategy",NA
"202",NA,NA,0,213.127,100,1,NA,"R_1M50dOFiQuIzZao",NA,52.023498535156,5.6596984863281,"email","NL","Metmateman Grafisch Ontwerp","eigenaar","grafisch ontwerpen",1,1,2010,1,"Dieren",7,3,1,3,5,6,1,7,7,1,7,2,2,3,6,3,5,7,3,5,7,7,3,7,7,2,2,1,3,1,7,1,1,1,1,1,1,NA,"7",5,1,1,1,1,NA,0,0,0,0,NA,"0",0,0,1,2,7,7,2,4,2,4,7,6,5,2,7,7,7,1,4,4,1,3,1,1,1,7,1,1,1,7,2,3,1,20,0,0,70,0,0,0,1,4,4,4,4,2,4,6,4,NA,NA,NA,NA,NA,NA,NA,NA,1,1,1,7,4,3,NA,NA,"Micro","Graphic, communication & digital design",NA
"203",NA,NA,0,213.127,100,1,NA,"R_Cl7EqRB8Bq9r32x",NA,52.378402709961,4.8834991455078,"email","NL","Van Lennep","Directeur/partner","Grafisch ontwerp",8,6,2008,1,"Amsterdam",7,6,2,6,7,5,5,1,7,4,7,2,4,7,7,7,7,7,4,4,7,7,7,5,5,2,5,1,4,1,7,1,1,1,4,1,1,NA,"7",1,1,1,1,1,NA,0,0,0,0,NA,"0",0,0,7,6,7,7,1,6,6,7,7,7,6,6,6,6,6,7,6,7,4,7,7,7,2,7,7,6,2,1,7,4,7,NA,NA,NA,NA,3,3,0,4,3,3,5,4,5,4,5,7,NA,NA,NA,NA,NA,NA,NA,NA,6,1,1,7,4,1,NA,NA,"Micro","Graphic, communication & digital design",NA
"204",NA,NA,0,213.127,100,1,NA,"R_7PsFksmxaaOlRuh",NA,52.382400512695,4.8995056152344,"email","NL","Promo Vendi Group","Neurowetenschapper/DGA","Marketing, communicatie, conceptontwikkeling, trainingen",21,16,2009,4,"Eindhoven, Amsterdam, Antwerpen, London",4,1,1,1,1,2,1,3,1,1,1,1,3,1,1,1,4,2,1,1,1,4,2,2,6,5,3,7,1,1,1,3,5,2,3,6,2,"White label services","1",2,7,7,3,1,NA,3,0,1,0,NA,"6",4,4,7,7,7,6,3,5,5,6,7,7,7,7,7,7,6,6,7,7,5,7,3,5,5,1,1,4,5,2,4,1,6,150,30,NA,7821,1,1,1,7,3,7,7,6,7,6,6,5,NA,NA,NA,NA,NA,NA,NA,NA,1,2,1,7,4,2,NA,NA,"Small","Graphic, communication & digital design",NA
"205",NA,NA,0,213.127,100,1,NA,"R_33EjDxPTT4slbvA",NA,52.350006103516,4.9167022705078,"anonymous","NL","MMousse","Eigenaar","Merkstrategie en verhuur van inspirerende locaties",5,3,2011,2,"amsterdam",7,6,2,4,7,6,6,1,7,1,7,7,1,7,7,5,4,7,7,5,7,7,6,7,7,7,6,2,7,1,7,1,7,1,3,1,1,NA,"7",1,1,1,1,1,NA,0,0,0,0,NA,"0",0,0,6,6,6,6,5,6,7,7,7,4,4,4,7,7,7,6,4,7,2,6,6,6,2,3,7,2,6,2,7,5,7,30,20,0,110,1,1,2,5,4,4,4,3,4,4,5,3,NA,NA,NA,NA,NA,NA,NA,NA,1,1,4,7,7,7,NA,NA,"Micro","Mixed creative services & strategy",NA
"206",NA,NA,0,213.127,100,1,NA,"R_1DnCrgNQoolu8lB",NA,52.361694335938,4.8668060302734,"email","NL","IM Lounge","Directeur","Mediainkoop",8,6,2009,2,"Amsterdam",1,1,3,5,4,3,6,4,7,7,7,6,2,5,7,5,5,5,1,6,6,6,7,6,5,4,3,1,5,3,4,2,5,3,6,6,1,NA,"5",1,1,1,1,1,NA,0,0,0,0,NA,"0",0,0,7,6,4,1,1,5,5,5,7,6,6,6,7,7,7,7,6,7,4,3,2,2,1,1,3,1,6,1,6,3,5,15,15,0,115,0,0,0,6,5,6,5,6,4,4,4,3,NA,NA,NA,NA,NA,NA,NA,NA,6,1,1,6,5,2,25,NA,"Micro","Advertisement & marketing",NA
"207",NA,NA,0,213.127,100,1,NA,"R_1IgQhLJgL7Wyl1R",NA,51.918701171875,4.4759063720703,"email","NL","Teldesign","Directeur eigenaar","Corporate design",7,5,1963,1,"rotterdam",1,7,1,5,7,7,1,1,7,5,7,5,1,7,7,5,5,7,4,7,7,5,4,5,5,5,6,1,5,5,7,1,1,2,5,1,NA,NA,"7",1,1,1,1,NA,NA,0,0,0,0,NA,"0",0,0,6,2,7,2,7,6,2,2,7,5,2,5,7,7,7,6,6,5,3,6,1,6,1,5,1,1,4,6,1,1,6,6,0,1,110,0,0,0,2,5,2,2,5,6,3,6,4,NA,NA,NA,NA,NA,NA,NA,NA,5,1,1,7,4,5,NA,130000,"Micro","Graphic, communication & digital design",NA
"208",NA,NA,0,213.127,100,1,NA,"R_1ihxDaxzBuen8iv",NA,52.382400512695,4.8995056152344,"email","NL","quub interior concepts","ontwerper mede eigenaar","interieur ontwerp",2,2,2007,1,"Arnhem",7,7,5,7,7,5,1,3,7,7,7,6,1,7,7,7,7,7,7,7,7,7,5,6,6,7,7,2,7,7,7,1,1,1,1,2,1,NA,"7",1,1,1,1,1,NA,0,0,0,0,NA,"0",0,0,5,4,7,6,4,3,6,6,7,6,1,4,7,7,7,2,5,7,2,7,2,7,2,7,6,6,6,6,5,2,7,10,0,0,100,2,2,1,7,4,5,7,6,6,4,7,4,NA,NA,NA,NA,NA,NA,NA,NA,1,1,2,7,7,4,0,80,"Micro","Spatial design & interior architecture",NA
"209",NA,NA,0,213.127,100,1,NA,"R_3L6aiBAwiSlq0oq",NA,52.363006591797,4.8923950195312,"email","NL","Studio WhooHoo!","Founder","Animation and Visual Effects",4,4,2014,1,"Haarlem",7,7,5,4,7,7,1,4,7,1,7,2,2,5,5,5,6,6,5,5,6,6,6,7,5,5,6,2,2,2,7,1,1,1,3,1,6,"Projectprijzen","7",1,1,1,1,NA,NA,0,0,0,0,NA,"0",0,0,6,6,6,6,4,4,5,4,6,7,6,7,7,7,7,5,5,5,5,6,6,5,4,3,7,3,5,3,6,6,6,50,80,1,83,1,1,1,2,5,4,4,3,5,3,5,2,NA,NA,NA,NA,NA,NA,NA,NA,1,1,4,6,6,6,30,25000,"Micro","Audiovisual services & animation",NA
"210",NA,NA,0,213.127,100,1,NA,"R_Z8K0F80GFFdg7At",NA,52.382400512695,4.8995056152344,"email","NL","Odd Matter Studio","founder and designer","conceptual product design",2,0,2015,1,"Rotterdam",6,4,1,4,7,5,1,7,4,3,7,2,1,6,6,6,2,6,6,3,4,4,3,6,6,4,3,3,3,3,4,3,5,1,5,1,4,NA,"6",1,1,2,1,1,NA,0,0,0,0,NA,"0",0,0,6,4,7,5,5,2,4,4,5,4,3,4,6,6,6,5,2,4,5,4,2,3,2,1,5,3,4,2,5,3,3,6,80,1,NA,2,2,0,3,4,4,3,3,5,4,5,5,NA,NA,NA,NA,NA,NA,NA,NA,1,1,2,3,3,5,30,30000,"Micro","Products",NA
"211",NA,NA,0,213.127,100,1,NA,"R_1Dukuchyiqosl6U",NA,52.373504638672,4.8950958251953,"email","NL","Dear","Partner","Advertising",7,10,2013,1,"Amsterdam",2,5,5,6,6,4,1,1,6,1,6,1,1,4,6,6,2,6,2,2,2,6,2,6,6,2,5,2,4,2,6,1,1,1,5,1,1,NA,"6",1,1,1,1,1,NA,1,0,0,0,NA,"0",6,0,4,6,6,2,4,2,2,2,6,2,4,2,6,6,6,6,2,4,2,4,2,6,4,6,2,2,2,2,6,2,4,NA,NA,NA,NA,3,2,0,5,2,5,4,6,7,1,7,3,NA,NA,NA,NA,NA,NA,NA,NA,1,1,2,6,4,6,NA,NA,"Micro","Advertisement & marketing",NA
"212",NA,NA,0,213.127,100,1,NA,"R_3hzpL2R7j9tm6T0",NA,52.355102539062,4.8787994384766,"email","NL","kunstboer","eigenaar","eigen  modemerk",2,2,1994,1,"amsterdam",1,4,3,1,1,1,1,7,5,1,3,3,1,1,3,1,1,3,1,1,1,1,1,7,5,7,2,2,3,2,6,6,6,1,6,1,1,NA,"7",1,1,1,1,1,NA,0,0,0,0,NA,"0",0,0,2,2,2,4,3,1,1,1,5,7,7,7,6,1,2,6,1,5,5,5,4,5,4,1,3,5,4,4,5,6,1,30,10,0,50,2,1,1,4,5,4,4,3,4,4,4,4,NA,NA,NA,NA,NA,NA,NA,NA,1,1,1,6,4,7,80,150000,"Micro","Products",NA
"213",NA,NA,0,213.17,100,1,NA,"R_1EXmC6xKUpEQL3t",NA,52.160705566406,4.4933929443359,"anonymous","NL","Brum Design","directeur","packaging design",16,12,1974,1,"Woerden",7,2,6,7,7,2,1,1,7,6,6,5,2,6,7,7,3,7,7,7,7,7,1,6,6,6,2,1,7,3,7,6,1,1,1,2,7,NA,"7",1,1,1,1,-99,"-99",0,0,0,0,-99,"0",0,7,6,5,7,6,6,6,4,4,5,5,3,6,7,7,6,7,5,5,3,5,2,5,3,3,5,4,2,6,5,5,5,500,3e+05,2,124,2,2,0,7,4,7,5,6,5,6,5,6,0,7,2,2e+06,2,3e+05,5,50000,NA,NA,NA,NA,NA,NA,NA,NA,"Small","Graphic, communication & digital design",NA
"214",NA,NA,0,213.204,100,1,NA,"R_9u8RiPtzUKGfeCd",NA,52.518905639648,5.4678955078125,"email","NL","Perspekt en East Side","Directeur","Ruimtelijke projecten en events",15,12,1968,1,"Haarlem",7,7,1,7,7,7,2,7,7,2,7,1,4,7,7,7,7,7,4,4,4,4,4,7,5,1,1,1,4,4,7,1,2,1,5,4,3,"ontwikkeling eigen projecten","7",1,7,1,1,7,"via East Side wordt hiermee bedoeld",1,1,0,0,NA,"5",7,7,7,7,7,7,6,7,7,7,7,6,6,3,7,7,7,7,7,7,3,5,2,7,1,5,1,1,7,7,1,1,5,15,5,1,110,2,1,1,1,6,6,6,6,7,7,7,7,NA,NA,NA,NA,NA,NA,NA,NA,7,1,1,7,5,4,4,NA,"Small","Spatial design & interior architecture",NA
"215",NA,NA,0,213.93,100,1,NA,"R_2awztEvplcuFdL3",NA,52.388107299805,5.2353973388672,"email","NL","APDS Development BV","Directeur, uitvinder, ontwerper","New Product Development",3,2.2,1990,1,"ALMERE",4,6,2,4,6,3,3,6,6,7,1,3,1,4,7,7,1,3,5,5,4,2,1,7,2,3,5,3,3,5,3,7,1,7,1,1,7,"Start Ups","7",5,2,1,2,1,NA,0,1,1,1,NA,"7",5,3,7,7,6,7,4,7,6,6,3,3,2,7,6,2,6,5,6,7,1,6,5,5,3,5,1,6,3,5,5,5,6,2,0,0,0,0,0,0,3,4,5,3,5,4,3,4,3,NA,NA,NA,NA,NA,NA,NA,NA,2,7,1,5,4,6,0,1e+05,"Micro","Products",NA
"216",NA,NA,0,217.1,100,1,NA,"R_1jwHrUjc04Jx22w",NA,51.585693359375,6.0200958251953,"email","NL","Tigges","directeur","Communicatieadvies en Grafische vormgeving",7,5,1976,1,"Voorburg",7,7,3,7,7,7,6,1,7,1,7,4,1,7,7,5,5,7,7,6,7,5,6,7,7,7,1,3,5,4,7,1,1,1,5,1,1,NA,"7",1,1,1,1,1,NA,0,0,0,0,NA,"0",0,0,6,5,7,6,4,5,6,6,7,6,3,5,7,7,7,6,6,7,5,7,4,1,1,5,6,1,1,6,5,2,6,15,0,0,100,0,0,0,4,5,4,5,4,5,3,7,4,NA,NA,NA,NA,NA,NA,NA,NA,7,1,1,6,2,6,15,1e+05,"Micro","Graphic, communication & digital design",NA
"217",NA,NA,0,217.1,100,1,NA,"R_21vbJNihNgBrD8A",NA,51.585693359375,6.0200958251953,"email","NL","XVW architectuur","directeur eigenaar","architectuur",2,3,2010,2,"Den Bosch, Amsterdam",6,2,1,4,7,7,4,2,7,2,7,1,1,5,6,4,4,6,6,1,6,6,3,6,2,2,6,5,6,3,7,1,1,1,1,1,NA,NA,"7",1,1,1,1,1,NA,0,0,0,0,NA,"0",0,0,4,5,6,6,6,6,7,5,7,6,4,7,6,7,6,4,6,6,5,4,5,4,6,3,5,4,4,2,2,2,6,5,10,3,100,0,0,0,2,4,3,4,5,4,4,5,4,NA,NA,NA,NA,NA,NA,NA,NA,3,1,3,5,4,6,0,50,"Micro","Architecture & urban planning",NA
"218",NA,NA,0,217.102,100,1,NA,"R_1gRUOLxpq4AZxrU",NA,51.72770690918,5.8787994384766,"email","NL","Buro Interieur Design 3L","ontwerper","Interieur",0,1,2006,0,"Cuijk",4,7,7,2,7,5,5,2,7,2,7,7,2,5,6,6,5,7,2,4,4,6,1,2,6,6,6,2,5,1,5,3,4,1,4,2,1,NA,"6",4,1,1,1,1,NA,0,0,0,0,NA,"0",0,0,4,4,6,5,7,6,7,5,7,6,6,7,7,7,7,6,7,5,4,6,6,5,5,5,1,6,4,2,5,4,6,6,0,0,45,0,1,0,4,4,6,6,4,4,5,7,6,NA,NA,NA,NA,NA,NA,NA,NA,5,1,5,6,6,7,35,1e+05,"Micro","Spatial design & interior architecture",NA
"219",NA,NA,0,217.105,100,1,NA,"R_9nsmhrutLWloAKt",NA,53.216598510742,6.5695037841797,"email","NL","RTRN","Creative Partner","Branding & Activation",3,2,2014,1,"Groningen",1,7,1,7,7,4,4,7,7,7,7,7,7,1,7,7,2,4,7,7,7,5,2,7,7,4,7,4,7,7,7,1,7,1,4,1,1,NA,"7",1,1,1,1,1,NA,0,0,0,0,NA,"0",0,0,7,6,7,3,7,7,5,5,6,5,7,5,5,7,7,7,7,6,5,7,6,7,7,7,7,7,4,7,7,7,7,12,0,5,100,2,0,0,5,6,6,6,7,7,4,4,6,NA,NA,NA,NA,NA,NA,NA,NA,7,1,1,7,7,2,NA,64000,"Micro","Advertisement & marketing",NA
"221",NA,NA,0,217.121,100,1,NA,"R_2xDIrU5xz2HLT4e",NA,52.533996582031,6.0569000244141,"email","NL","BigDude Media","Eigenaar","Grafisch ontwerp",1,1.5,2017,1,"Zwolle",7,7,1,5,7,7,2,1,7,7,7,1,4,7,7,1,1,7,6,1,7,1,1,7,6,1,7,1,5,4,7,1,1,7,5,1,NA,NA,"7",1,1,1,1,NA,NA,0,5,0,0,NA,"7",7,4,7,7,7,7,7,7,7,6,7,7,4,7,7,7,7,4,7,7,7,2,7,4,4,7,7,1,4,1,4,4,7,NA,0,0,40,0,0,0,3,7,7,7,4,7,4,7,7,NA,NA,NA,NA,NA,NA,NA,NA,7,1,1,7,4,4,90,800,"Micro","Graphic, communication & digital design",NA
"222",NA,NA,0,217.122,84,0,NA,"R_2AEiYLbx0oZlAoT",NA,NA,NA,"email","NL","Miss Green","eigenaar","kleding",3,3,2008,1,"Haarlem",4,7,4,2,6,6,4,7,4,1,7,1,1,6,7,6,3,6,6,3,6,6,1,6,4,6,6,4,4,4,1,1,7,1,6,1,1,"nvt","7",1,1,5,1,1,NA,1,1,1,1,NA,"0",0,0,6,4,6,6,4,6,5,6,7,7,6,6,6,2,6,7,2,6,4,NA,NA,NA,NA,NA,NA,NA,NA,NA,NA,NA,NA,NA,NA,NA,NA,1,1,1,6,1,7,7,4,6,6,6,6,NA,NA,NA,NA,NA,NA,NA,NA,7,1,NA,NA,NA,NA,NA,NA,"Micro","Products",NA
"223",NA,NA,0,217.122,84,0,NA,"R_1lB2nstkGLGIxu2",NA,NA,NA,"anonymous","NL","Ehio Media","directeur","online business",8,4,2003,1,"Amsterdam",1,6,7,7,5,2,7,7,7,6,5,7,4,4,7,6,4,5,4,4,7,1,5,7,5,6,4,4,7,4,5,1,1,7,1,1,4,NA,"7",4,1,4,1,4,NA,0,0,0,1,NA,"7",5,7,5,5,4,4,4,4,5,4,4,5,5,6,6,7,4,6,6,7,5,NA,NA,NA,NA,NA,NA,NA,NA,NA,NA,NA,NA,NA,NA,NA,NA,3,1,1,3,4,4,5,4,6,6,6,4,NA,NA,NA,NA,NA,NA,NA,NA,7,5,NA,NA,NA,NA,NA,NA,"Micro","Advertisement & marketing",NA
"224",NA,NA,0,217.62,100,1,NA,"R_6JQKfnjMStxsUqB",NA,51.733200073242,5.326904296875,"anonymous","NL","CHRISTIAANJANSSEN","eigenaar","groothandel papier en drukwerkmakelaar voor luxe drukwerk",1,1,2007,1,"Den Bosch",1,1,6,1,1,7,7,7,1,1,7,1,1,7,7,7,1,6,7,1,5,5,3,2,6,7,1,1,1,1,1,1,7,1,7,1,1,NA,"7",1,1,1,1,1,NA,0,0,0,0,NA,"0",0,0,6,4,6,7,4,6,2,3,6,6,2,5,7,7,7,7,5,7,2,6,1,4,6,1,4,1,1,7,7,1,6,4,0,0,NA,0,0,0,4,4,4,3,3,4,2,5,3,NA,NA,NA,NA,NA,NA,NA,NA,7,1,2,4,6,1,25,500,"Micro","Products",NA
"225",NA,NA,0,217.67,100,1,NA,"R_3JyMQmNqvUcJwIw",NA,51.983795166016,4.3609008789062,"email","NL","Brummer StratCom & Inventions","De Groote Baas","Marktcommunicatie",1,1,1990,2,"Enschede; Ootmarsum",4,7,2,5,7,6,5,7,7,5,7,2,1,4,7,6,6,7,7,7,7,7,6,5,7,5,5,4,7,6,7,3,5,1,2,3,1,NA,"7",4,2,5,1,1,NA,0,0,0,0,NA,"0",0,0,1,5,7,4,2,6,4,2,7,4,4,4,7,7,7,6,5,5,1,4,1,6,4,2,6,5,4,6,5,2,5,NA,NA,NA,NA,0,1,0,4,4,4,6,6,5,3,7,4,NA,NA,NA,NA,NA,NA,NA,NA,6,3,1,2,4,6,NA,NA,"Micro","Graphic, communication & digital design",NA
