"","Position","ActivityDescription","Employees","FTE","Year","NrOffices","Location","bm1_SpecificCreative","bm1_CreativeCombi","bm1_CreativeNoncreative","bm2_ResearchStrategy","bm2_ConceptDev","bm2_ProductionImplementation","bm2_Marketing","bm3_OwnProducts","bm3_Services","bm3_Platforms","bm4_Customized","bm4_Modular","bm4_Maintenance","bm5_OperationalExellence","bm5_Quality","bm5_Innovation","bm5_LowCost","bm5_CustomerRelations","bm6_Niche","bm6_GenMarkets","bm6_B2B","bm6_B2C","bm6_B2G","bm7_InHouse","bm7_Outsource","bm8_Suppliers","bm8_Complementors","bm8_Competitors","bm8_CustomersCo","bm8_ScalingPartners","bm9_HourlyRates","bm9_Royalties","bm9_ProductSales","bm9_Subscriptions","bm9_MarkUp","bm9_NoCure","bm9_Investment","bm9_HourlyRates.1","bm10_OwnRevenue","bm10_OtherFirms","bm10_Subsidies","bm10_Loans","bm10_ROI","bm10_Other","bm10_OwnRevenue.1","bmspin_Complementary","bmspin_Products","bmspin_Invest","bmspin_Other","bmspin_Complementary.1","spin_Commercial","spin_Creative","spin_Both","values_Creative1","values_Creative2","values_Creative3","values_Achievement1","values_Achievement2","values_Achievement3","values_Social1","values_Social2","values_Social3","values_Financial1","values_Financial2","values_Financial3","values_Market1","values_Market2","values_Market3","values_Entrepreneurial1","values_Entrepreneurial2","values_Entrepreneurial3","values_Financial4","paradox_INT1","paradox_DIF1","paradox_INT2","paradox_DIF2","paradox_INT3","paradox_DIF3","paradox_DIF4","paradox_INT4","paradox_INT5","paradox_DIF5","paradox_DIF6","paradox_INT6","perf_NewProjects","perf_InternationalIncome","perf_HourlyRates","perf_ProfitMargin","NrOwners","CreativeDirectors","FinancialDirectors","perf_BP_1","perf_BP_2","perf_BP_3","perf_BP_4","perf_BP_5","perf_BP_6","perf_BP_7","perf_BP_8","perf_BP_9","bmspin_Products.1","Q16_INT_EMPL","Q16_DIF_EMPL","Q17_TURN","Q17_TURNGROWTH","Q17_PROFIT","Q17_PROFITGROWTH","Q17_INVESTMENT","bm3_Broker","bm9_Royalties.1","paradox_PAR1","paradox_PAR2","paradox_PAR3","paradox_PAR4","perf_Turnover1","perf_Turnover","size","sector","performance"
"3","Eigenaar","Webdesign",1,1,2000,1,"Helmond",7,3,1,3,6,7,5,4,7,5,7,1,1,7,7,5,2,7,6,3,7,1,1,7,4,2,2,2,1,1,7,7,7,1,1,1,1,NA,"6",3,1,1,1,1,NA,0,0,0,0,NA,"0",0,0,5,5,4,6,6,6,4,6,6,6,4,5,7,6,7,6,4,6,2,5,4,4,5,4,6,2,6,7,4,4,6,25,2,NA,80,0,1,0,4,4,4,4,4,6,4,6,6,NA,NA,NA,NA,NA,NA,NA,NA,1,1,2,6,5,2,20,60000,"Micro","Graphic, communication & digital design",NA
"4","directeur","product design",7,2,2003,1,"rotterdam",7,2,1,5,7,6,5,7,2,1,7,4,1,7,7,4,2,6,6,2,5,7,1,6,6,6,7,1,1,4,6,6,7,1,1,1,1,"-99","7",2,3,1,1,1,"-99",0,0,0,0,-99,"0",0,0,7,7,7,5,6,6,5,5,6,4,4,6,5,6,5,7,5,5,2,4,5,4,2,4,5,6,6,2,7,6,6,4,80,2,50,2,2,0,3,4,5,3,3,7,4,6,5,0,7,1,-99,-99,-99,-99,50,NA,NA,NA,NA,NA,NA,NA,NA,"Micro","Products",NA
"5","Eigenaar","Webshop met handgemaakte producten",2,2,2014,1,"Amsterdam",1,1,7,7,1,1,1,1,1,3,1,1,7,3,1,4,2,2,1,7,1,1,7,1,7,1,7,4,2,2,7,7,1,7,3,7,4,NA,"1",5,3,2,6,1,NA,0,0,0,0,NA,"0",0,0,1,1,5,7,7,7,6,6,7,7,7,7,7,4,7,6,1,5,1,7,6,5,4,5,5,5,5,2,5,1,6,10,2,0,45,1,NA,NA,2,6,4,5,4,4,4,4,6,NA,NA,NA,NA,NA,NA,NA,NA,7,7,1,2,5,1,3,NA,"Micro","Products",NA
"6","Director","Creative solutions",4,4,2007,2,"On earth",2,5,6,7,7,7,2,7,7,7,6,6,2,4,6,3,3,6,3,5,6,2,6,2,6,5,6,2,5,5,6,4,5,5,6,2,2,NA,"7",3,1,1,1,1,NA,0,1,0,0,NA,"3",5,5,6,2,6,2,2,2,2,6,5,4,2,4,2,6,6,6,2,5,2,2,6,4,2,2,5,3,4,2,6,5,4,NA,NA,NA,NA,0,1,1,5,5,5,4,6,4,3,4,4,NA,NA,NA,NA,NA,NA,NA,NA,2,2,2,4,6,7,NA,NA,"Micro","Mixed creative services & strategy",NA
"7","Eigenaar","Meubelmaken",0,2,2005,1,"Delft",6,6,4,1,5,7,6,7,7,1,7,4,1,7,5,4,4,7,4,4,1,7,1,7,6,5,5,1,3,1,7,4,7,3,2,7,1,NA,"7",1,1,1,1,1,NA,0,0,0,0,NA,"0",0,0,1,4,3,4,5,5,1,5,7,5,2,3,7,7,7,2,5,4,1,7,4,5,1,4,5,1,4,7,2,4,4,20,0,0,45,1,2,2,5,4,4,4,4,7,4,6,5,NA,NA,NA,NA,NA,NA,NA,NA,5,1,1,6,6,4,0,50000,"Micro","Products",NA
"8","Unit Manager","Customer experience",960,880,2008,11,"Utrecht, amsterdam, Rotterdam, Zwolle, Maastricht, Groningen,",4,6,7,6,6,6,5,6,6,6,6,6,6,6,5,6,3,6,4,4,7,4,7,5,5,4,4,4,6,6,6,4,5,6,4,2,5,"Hybrid, laag uurtarief, marge per conversie","5",4,3,2,2,4,NA,1,0,0,0,NA,"6",2,4,6,4,5,6,4,4,7,5,7,5,4,6,5,7,6,5,6,6,5,5,4,5,5,2,5,5,5,4,5,5,5,110,10,5,105,20,3,6,4,3,4,5,5,6,4,6,6,NA,NA,NA,NA,NA,NA,NA,NA,6,2,2,5,5,2,30,0,"Large","Mixed creative services & strategy",NA
"9","DGA","print",7,6,1996,1,"broek op langedijk",2,5,6,2,4,5,6,6,6,1,6,4,1,6,7,6,2,6,6,2,6,1,1,6,1,6,2,2,5,2,4,1,6,1,1,1,1,NA,"7",1,1,3,1,1,NA,0,0,0,0,NA,"0",0,0,5,6,6,1,1,5,4,4,4,4,1,1,7,7,6,7,5,6,1,4,6,2,4,1,7,1,3,7,1,6,2,NA,NA,NA,NA,2,1,1,4,1,6,4,4,4,3,6,4,NA,NA,NA,NA,NA,NA,NA,NA,1,1,1,1,3,7,NA,NA,"Micro","Graphic, communication & digital design",NA
"10","eigenaar","online marketing",8,6,2016,2,"tilburg en antwerpen",2,6,7,6,2,4,7,1,7,6,7,7,6,5,6,6,6,7,7,7,7,7,1,6,6,1,1,1,2,4,4,1,1,6,4,1,NA,NA,"7",1,1,1,1,NA,NA,1,1,0,0,NA,"0",0,0,7,1,1,6,1,1,1,1,7,7,5,1,7,7,7,7,7,7,7,4,1,4,2,3,1,4,1,5,1,4,4,50,25,0,50,1,0,0,4,6,4,7,4,5,4,4,4,NA,NA,NA,NA,NA,NA,NA,NA,6,NA,1,6,4,1,20,5000,"Micro","Advertisement & marketing",NA
"11","Controller","Architectuur",215,195,1953,5,"Amsterdam, Woudenberg, Eindhoven, Heerenveen, Rotterdam",4,5,7,5,6,6,3,1,7,1,7,1,1,7,7,6,4,6,6,6,6,2,6,6,2,4,1,1,6,1,6,1,1,1,1,2,6,"Vaste prijs voor klus","7",2,1,1,1,1,NA,1,0,0,0,NA,"1",1,7,5,5,6,5,5,4,6,7,6,4,4,5,6,7,7,6,6,6,2,5,2,6,4,2,4,2,2,2,2,5,6,350,3,6,70,70,16,6,4,4,5,4,4,5,4,5,4,NA,NA,NA,NA,NA,NA,NA,NA,1,1,5,5,5,6,8,87000,"Medium","Architecture & urban planning",NA
"12","eigenaar","bomen kapen verwerken",2,3,1978,1,"dodewaard",7,6,6,4,5,5,5,4,6,5,5,5,4,6,6,6,5,7,5,5,5,5,5,6,5,6,6,5,5,5,5,5,5,4,5,4,5,NA,"6",5,3,2,1,4,NA,0,0,0,0,NA,"0",0,0,6,4,5,4,6,4,5,5,4,2,3,4,6,5,6,5,4,3,1,5,5,4,4,1,5,4,4,5,4,1,4,NA,NA,NA,20,0,1,1,4,4,3,4,4,5,4,5,3,NA,NA,NA,NA,NA,NA,NA,NA,5,5,1,5,5,4,5,60,"Micro","Products",NA
"13","Eigenaar","Huisstijlen",0,2,2013,1,"Hasselt",4,2,4,6,7,7,6,6,7,5,6,6,1,1,7,2,2,7,7,6,6,7,5,7,7,7,7,2,6,4,7,1,7,1,1,7,-99,"-99","7",1,1,1,1,1,"-99",0,0,0,0,-99,"0",0,0,7,1,6,7,1,4,7,1,1,1,6,7,7,7,7,6,6,4,1,7,7,4,6,1,1,1,7,1,5,6,6,15,1,0,85,2,0,0,1,4,2,4,7,6,4,4,6,0,1,1,77000,30,38000,50,1,NA,NA,NA,NA,NA,NA,NA,NA,"Micro","Graphic, communication & digital design",NA
"15","Eigenaar / Directeur","Merchandising",6,6,2003,1,"Bladel",7,7,7,6,7,7,7,1,5,4,7,6,1,7,7,7,5,7,7,4,6,6,5,6,5,7,5,4,6,7,2,3,7,6,5,2,1,NA,"5",4,1,1,1,1,NA,1,1,0,0,NA,"3",3,3,7,5,7,7,5,7,6,5,6,7,4,7,6,7,7,6,5,7,5,4,6,5,4,2,6,5,5,4,5,4,5,10,25,0,NA,2,1,1,3,4,4,3,3,6,6,6,6,NA,NA,NA,NA,NA,NA,NA,NA,6,1,2,6,6,6,38,250000,"Micro","Advertisement & marketing",NA
"16",NA,"bouwkundige architectuur / tekenwerk",18,16,1989,1,"Raamsdonksveer",7,2,5,3,3,7,3,7,7,2,7,1,2,4,5,1,4,6,1,5,5,1,3,2,2,2,2,1,5,2,7,1,1,1,1,6,1,NA,"7",1,1,1,1,1,NA,0,0,0,0,NA,"0",0,0,3,1,4,4,5,1,2,6,7,2,3,5,7,7,7,6,6,5,1,5,4,1,4,1,2,2,4,2,4,1,5,NA,NA,NA,NA,2,0,0,3,4,4,4,4,4,4,5,4,NA,NA,NA,NA,NA,NA,NA,NA,2,2,1,5,3,1,NA,NA,"Small","Architecture & urban planning",NA
"17","Eigenaar/directeur","Marketingcommunicatie",21,18,1996,3,"Leiden",7,7,5,7,7,7,7,7,7,4,7,7,4,7,7,7,6,7,7,7,7,7,5,7,5,2,2,2,5,5,7,1,2,3,7,7,1,NA,"7",2,1,1,1,1,NA,1,1,0,0,NA,"7",0,0,7,5,7,5,2,4,6,4,7,7,5,7,7,7,7,7,7,7,4,7,7,7,7,1,7,7,3,4,7,7,7,20,20,0,128,2,2,1,4,7,4,7,7,7,5,7,5,NA,NA,NA,NA,NA,NA,NA,NA,7,3,1,1,7,4,40,100,"Small","Graphic, communication & digital design",NA
"18","Eigenaar","Animatie en Illustratie",2,NA,1989,1,"Hoevelaken",4,7,1,1,7,7,1,1,7,1,7,1,2,5,7,6,7,6,7,4,7,1,1,7,1,2,7,1,1,1,7,1,1,2,1,1,1,NA,"7",1,1,1,1,1,NA,0,0,0,0,NA,"0",0,0,7,6,7,6,4,5,1,2,7,6,3,4,7,7,7,4,7,4,1,6,6,2,4,4,2,5,4,4,5,2,4,50,50,NA,75,0,NA,NA,3,6,4,5,7,7,4,6,3,NA,NA,NA,NA,NA,NA,NA,NA,1,1,6,6,4,6,NA,NA,"Micro","Audiovisual services & animation",NA
"19","Designer","Grafisch ontwerp",2,NA,2011,1,"Den haag",7,7,1,7,7,4,4,2,4,4,7,3,1,7,5,4,4,6,3,5,5,6,3,6,5,4,1,3,2,2,7,1,1,2,2,1,1,NA,"7",5,1,1,1,1,NA,0,0,0,0,NA,"5",5,5,7,4,7,3,4,1,4,4,7,4,4,3,5,7,5,7,6,5,3,7,7,4,4,7,7,7,3,3,7,7,7,4,15,0,65,2,2,2,1,1,4,1,4,6,1,6,4,NA,NA,NA,NA,NA,NA,NA,NA,2,2,1,7,6,6,NA,NA,"Micro","Graphic, communication & digital design",NA
"20","Owner","Visual Design Studio",2,1.5,2010,1,"Hilversum",4,6,1,1,7,7,3,1,7,1,6,2,1,7,7,5,2,7,3,5,7,4,6,7,5,6,6,1,2,1,7,1,1,1,5,1,1,NA,"7",1,1,1,1,1,NA,0,0,0,0,NA,"0",0,0,6,1,5,1,1,1,1,1,7,7,5,7,6,7,1,4,5,3,7,2,4,4,4,4,6,7,1,2,6,4,7,30,50,0,75,2,2,2,4,4,4,4,4,4,4,4,4,NA,NA,NA,NA,NA,NA,NA,NA,5,6,2,6,4,6,25,32500,"Micro","Graphic, communication & digital design",NA
"21","eigenaar","hoeden",2,2,2010,1,"Amsterdam",7,7,1,4,7,7,5,7,4,4,7,4,3,7,7,7,3,7,7,1,4,7,1,7,4,4,2,2,3,7,1,2,7,1,3,1,1,NA,"7",1,1,4,1,1,NA,0,0,0,0,NA,"0",0,0,4,5,6,7,7,5,4,4,7,7,5,6,7,6,7,7,5,7,7,5,3,5,2,2,6,4,2,4,6,5,5,10,0,2,40,1,2,2,3,4,4,4,5,6,4,6,4,NA,NA,NA,NA,NA,NA,NA,NA,1,2,2,6,2,6,50,NA,"Micro","Products",NA
"22","vennoot, ontwerp, administratie","interieurbouw en ontwerp",4,3,1996,1,"Vlissingen",6,6,5,2,6,7,3,5,5,3,7,4,1,6,6,7,5,6,6,6,5,6,2,4,4,5,3,3,3,3,5,1,1,1,4,1,4,NA,"6",1,1,1,1,1,NA,0,0,0,0,NA,"0",0,0,4,5,6,3,2,5,3,3,5,5,5,5,6,6,6,4,6,6,4,5,4,5,3,3,5,4,4,4,5,4,5,24,0,0,40,1,1,1,4,4,4,4,3,5,3,5,5,NA,NA,NA,NA,NA,NA,NA,NA,3,1,3,4,5,3,NA,NA,"Micro","Spatial design & interior architecture",NA
"24","Managing Partner","Reclame",-99,6,2010,1,"Amsterdam",2,7,2,3,7,6,1,2,7,5,7,7,1,6,6,5,6,6,2,7,3,7,1,2,5,4,6,2,4,5,7,1,1,1,6,1,1,"-99","6",-99,1,1,1,1,"-99",0,0,0,0,-99,"0",0,0,6,2,7,5,2,6,2,5,6,6,2,6,7,6,7,3,3,2,3,6,1,3,4,6,2,1,3,7,1,1,6,10,-99,-99,-99,-99,-99,-99,5,6,2,3,7,6,5,6,2,0,7,1,130000,-99,-99,-99,-99,NA,NA,NA,NA,NA,NA,NA,NA,"Micro","Advertisement & marketing",NA
"25","vennoot","industrial design",2,2,1989,2,"Eindhoven / Amsterdam",1,7,1,5,7,1,1,1,7,2,7,2,1,6,6,3,6,6,6,1,7,1,1,6,1,1,1,1,1,1,7,2,1,1,1,1,1,NA,"7",1,1,1,1,1,NA,0,0,0,0,NA,"0",0,0,2,2,2,2,5,5,2,2,6,4,3,6,7,7,7,6,2,5,1,2,1,1,2,4,4,1,5,2,1,1,1,20,0,4,80,2,2,0,3,6,4,6,5,6,2,6,4,NA,NA,NA,NA,NA,NA,NA,NA,1,1,1,6,4,1,NA,65000,"Micro","Industrial design",NA
"26","owner","concept, design & development of: multitentant and coworkingbuildings and innovative design of interior objects.",1,3,2008,3,"amsterdam",1,1,6,1,1,1,1,7,4,7,7,3,4,4,5,7,5,7,7,6,3,2,2,6,3,4,2,2,4,5,1,1,5,1,2,3,6,"rental income","7",2,1,2,2,5,"the housingmarket upswing",1,1,0,0,NA,"0",0,7,7,7,7,5,1,1,6,7,6,6,6,6,5,7,6,7,1,7,5,6,5,4,4,6,7,6,4,7,4,4,7,2,20,1,NA,0,1,1,4,4,4,4,4,4,7,4,4,NA,NA,NA,NA,NA,NA,NA,NA,1,2,1,4,7,7,20,NA,"Micro","Spatial design & interior architecture",NA
"27","partner/eigenaar","wayfinding design",32,25,1986,2,"Amsterdam en New York City",7,2,2,7,7,6,2,4,7,3,6,2,4,5,7,4,2,5,7,1,7,1,1,6,5,7,1,2,4,6,7,2,2,2,1,1,1,NA,"7",1,1,1,1,1,NA,0,0,0,0,NA,"0",0,0,5,5,6,7,5,3,2,3,6,6,4,6,6,7,7,7,6,7,3,6,2,2,4,1,6,5,4,3,2,5,4,60,50,1,110,1,1,2,3,3,3,3,3,5,4,6,5,NA,NA,NA,NA,NA,NA,NA,NA,4,1,2,2,4,6,NA,NA,"Small","Graphic, communication & digital design",NA
"28","Directeur","Typografisch ontwerp",2,2,1996,1,"Amsterdam",7,1,3,7,7,7,7,7,7,1,4,4,1,7,7,7,1,4,7,1,5,5,5,7,2,2,2,1,1,1,7,7,7,7,1,1,1,NA,"7",7,6,1,1,1,NA,1,0,0,0,NA,"1",1,1,7,7,7,4,7,4,7,5,7,7,7,7,7,7,7,7,7,7,3,7,7,7,4,2,7,3,3,3,6,5,7,50,25,6,50,1,1,1,3,4,4,3,3,4,4,3,4,NA,NA,NA,NA,NA,NA,NA,NA,1,1,3,5,7,6,75,50,"Micro","Graphic, communication & digital design",NA
"29","Office manager","architectuur en interieurarchitectuur",9,8,2002,1,"Deventer",2,5,2,5,7,5,2,1,7,6,7,2,4,6,6,6,5,7,6,5,7,7,7,5,5,7,6,5,5,5,7,1,1,1,1,1,1,NA,"7",1,1,1,1,1,NA,0,0,0,0,NA,"0",0,0,7,4,7,6,5,4,5,6,6,5,6,5,7,5,7,7,5,6,3,7,6,6,5,4,6,5,5,4,4,6,6,18,NA,2,95,2,2,NA,3,5,3,4,3,3,3,7,4,NA,NA,NA,NA,NA,NA,NA,NA,2,1,1,5,4,6,NA,82,"Micro","Architecture & urban planning",NA
"31","Eigenaar","Design en signing",2,1,2015,1,"Nuenen",7,7,1,1,7,2,2,2,4,3,7,7,1,1,1,1,4,7,1,2,2,7,1,2,2,7,7,1,3,4,2,1,5,1,1,5,1,NA,"6",1,1,1,1,1,NA,0,0,0,0,NA,"0",0,0,4,4,5,4,5,5,4,4,7,5,4,4,7,5,7,5,7,4,4,4,4,4,4,1,4,4,4,7,4,4,4,NA,NA,NA,NA,1,1,1,4,4,4,4,4,4,4,4,4,NA,NA,NA,NA,NA,NA,NA,NA,4,1,4,4,4,7,NA,NA,"Micro","Graphic, communication & digital design",NA
"32","directeur / ontwerper","ontwerp",3,4,2005,1,"Bunnik",2,6,5,2,6,7,4,4,6,2,7,1,1,7,7,5,7,7,6,6,6,2,2,6,6,6,6,2,4,6,7,1,4,3,2,1,1,NA,"7",1,1,1,1,1,NA,0,0,0,0,NA,"0",0,0,4,5,3,4,1,3,1,2,7,5,4,7,7,7,7,7,7,7,6,6,2,2,2,2,5,1,6,5,2,6,6,400,5,0,75,0,0,0,4,5,4,3,3,5,5,6,3,NA,NA,NA,NA,NA,NA,NA,NA,2,1,2,6,5,6,NA,NA,"Micro","Graphic, communication & digital design",NA
"33","Directeur","Signing",7,6,1989,1,"Veldhoven",7,6,5,1,4,7,2,6,6,2,7,3,1,6,6,7,5,7,6,6,6,6,6,6,4,7,5,4,6,2,6,1,7,1,2,1,1,NA,"7",4,1,4,1,1,NA,0,0,0,0,NA,"0",0,0,5,5,7,4,7,5,5,4,7,6,6,6,7,7,7,7,7,6,5,5,6,4,6,4,6,7,5,2,6,5,5,25,5,0,55,2,1,1,4,4,5,4,4,6,4,7,5,NA,NA,NA,NA,NA,NA,NA,NA,2,1,3,5,5,5,NA,NA,"Micro","Graphic, communication & digital design",NA
"34","Eigenaar/Directeur","Archtectonisch- en Grafisch Ontwerp",2,2,2000,1,"Den Haag",7,7,5,7,7,7,7,7,7,7,7,7,1,5,6,5,4,7,7,1,6,6,5,6,4,5,2,2,6,4,7,3,4,1,6,1,-99,"-99","7",4,1,1,1,-99,"-99",0,0,0,0,-99,"0",0,0,6,5,7,7,5,4,6,6,6,6,4,5,7,7,6,6,6,3,4,4,2,5,2,3,6,4,1,5,5,3,3,7,50,0,100,1,2,0,4,4,4,4,4,5,3,7,5,0,6,1,120000,50,80000,60,10000,NA,NA,NA,NA,NA,NA,NA,NA,"Micro","Graphic, communication & digital design",NA
"35","Grafisch vormgever","Grafisch ontwerp",1,1,2000,1,"Groningen",7,4,1,5,7,7,1,3,7,5,7,1,1,2,7,4,7,7,7,3,5,4,4,7,5,2,2,1,1,1,7,2,2,4,4,7,1,NA,"7",1,1,1,1,1,NA,1,0,0,0,NA,"4",7,4,1,6,4,4,4,4,3,7,7,4,2,3,7,7,7,7,4,5,4,6,6,4,2,1,7,4,2,2,6,6,5,10,2,0,85,0,0,0,1,6,4,4,4,7,4,4,2,NA,NA,NA,NA,NA,NA,NA,NA,1,1,6,1,4,5,NA,NA,"Micro","Graphic, communication & digital design",NA
"36","Project Manager // Founder","Game Developement",2,2,2016,1,"Amsterdam",4,4,1,1,6,7,6,7,1,1,7,1,1,7,6,1,4,6,7,1,1,7,1,7,1,1,1,4,1,4,1,1,7,1,1,1,1,NA,"7",1,7,1,1,1,NA,0,0,0,0,NA,"0",0,0,3,1,7,3,7,4,5,4,7,5,7,7,7,6,5,7,1,5,7,4,7,7,7,1,1,7,5,1,7,7,7,1,0,0,0,2,1,1,1,4,1,7,1,1,4,1,3,NA,NA,NA,NA,NA,NA,NA,NA,1,1,1,7,7,7,0,0,"Micro","Game and app design",NA
"37","Managing partner","Marketingcommmunicatie en design",9,685,1989,1,"Nijmegen",1,7,6,5,7,6,1,1,7,1,7,5,2,5,5,4,1,4,4,5,6,2,6,4,5,4,6,5,1,3,7,1,1,1,1,2,-99,"-99","7",1,1,1,1,-99,"-99",0,0,0,0,-99,"0",0,0,6,5,5,4,5,6,6,3,5,5,4,6,6,6,7,6,6,7,2,6,2,4,4,3,5,7,2,2,5,6,6,100,0,0,100,3,2,1,2,3,5,2,4,2,2,2,1,0,7,2,871756,-35,-3409,-60,NA,NA,NA,NA,NA,NA,NA,NA,NA,"Micro","Advertisement & marketing",NA
"38","owner, creative director","Branding",0,1,2004,1,"amsterdam",6,3,1,5,7,5,6,7,7,4,7,2,2,7,6,6,6,7,7,1,7,7,1,5,6,5,5,1,4,2,7,2,2,1,5,1,1,NA,"7",1,1,1,1,1,NA,0,0,0,0,NA,"0",0,0,1,3,6,7,4,6,2,4,5,5,5,5,7,7,7,5,4,5,2,5,7,6,5,3,6,6,5,3,6,6,6,10,0,0,90,0,1,0,4,6,4,4,5,6,2,7,5,NA,NA,NA,NA,NA,NA,NA,NA,3,1,2,5,6,5,NA,NA,"Micro","Advertisement & marketing",NA
"39","Partners","Duurzame stedelijke ontwikkeling",2,2,2012,1,"Amsterdam",5,5,7,6,7,4,1,3,7,5,7,1,1,4,7,6,1,7,6,4,7,1,5,6,4,4,6,1,7,6,6,1,1,1,5,4,7,"contracten op projectbasis","7",6,1,1,1,1,NA,1,0,0,0,NA,"0",0,7,6,4,5,4,1,4,6,6,7,4,1,4,6,6,7,4,7,6,1,7,5,5,5,5,5,4,3,3,5,4,6,3,25,0,100,2,1,1,3,5,1,5,5,6,2,7,2,NA,NA,NA,NA,NA,NA,NA,NA,6,3,5,5,4,7,70,50000,"Micro","Architecture & urban planning",NA
"40","eigenaar","Audiovisuele concepten",3,1.5,1997,1,"Den Haag",7,7,2,5,7,7,5,6,7,6,6,5,6,5,6,5,6,7,5,5,7,6,6,5,6,5,2,3,6,6,6,5,4,5,1,1,NA,NA,"7",1,2,1,1,NA,NA,0,0,0,0,NA,"0",0,0,6,5,6,6,6,5,6,7,7,6,6,5,7,7,7,6,6,5,3,5,6,6,4,6,6,2,2,3,3,3,5,5,15,0,9500,0,1,1,4,4,4,4,4,5,6,6,6,NA,NA,NA,NA,NA,NA,NA,NA,2,1,1,5,6,3,15,NA,"Micro","Audiovisual services & animation",NA
"41","Co-owner","Art, design& future trends",0,0,2009,2,"Amsterdam and Istanbul",7,7,2,6,7,2,2,7,7,5,7,1,1,7,7,7,1,7,7,1,7,3,1,7,2,2,2,1,1,3,6,6,5,6,2,3,NA,NA,"7",4,6,2,4,NA,NA,2,2,0,0,NA,"7",7,0,7,7,7,7,7,7,7,7,7,5,5,5,7,7,6,7,7,7,6,6,1,7,2,7,1,6,7,3,7,3,7,5,80,3,200,2,2,0,3,6,4,3,4,7,5,5,4,NA,NA,NA,NA,NA,NA,NA,NA,2,7,7,6,7,5,NA,NA,"Micro","Mixed creative services & strategy",NA
"42","Director","UNStudio",220,200,1988,4,"A<U+2019>dam, Hong Kong, Shanghai en Feankfurt",7,7,4,7,5,6,3,2,7,7,7,2,1,6,7,7,2,2,3,5,7,2,5,6,6,2,2,2,3,2,5,4,2,1,3,1,1,NA,"6",1,3,1,1,1,NA,0,0,0,0,NA,"0",0,0,7,6,7,5,7,6,7,7,6,6,4,4,7,7,7,7,7,7,4,4,5,5,6,4,3,5,4,3,4,3,4,30,75,30,80,5,3,6,4,3,5,3,5,4,5,4,6,NA,NA,NA,NA,NA,NA,NA,NA,2,2,1,4,6,7,20,150000,"Medium","Architecture & urban planning",NA
"44","Architect/Directeur","Het ontwerpen van gebouwen en bouwbegeleiding",4,6,2011,1,"Amsterdam",6,2,7,5,7,7,1,7,7,4,7,1,1,6,7,6,5,7,5,3,4,5,1,5,5,5,6,1,4,2,7,1,1,1,1,2,1,NA,"7",1,1,1,1,1,NA,0,0,0,0,NA,"0",0,0,7,5,7,7,5,7,5,5,7,5,5,7,7,7,7,7,7,6,6,6,2,4,2,4,2,2,6,5,2,2,6,50,0,0,100,2,2,0,4,4,4,4,4,4,3,6,5,NA,NA,NA,NA,NA,NA,NA,NA,3,1,2,5,6,2,15,80000,"Micro","Architecture & urban planning",NA
"45","Mede Eigenaar","Communicatie",6,6,2000,1,"Utrecht",7,7,1,7,7,7,5,7,7,1,7,7,1,7,7,7,7,7,7,7,7,7,6,6,7,3,3,2,7,2,7,1,6,1,6,1,1,NA,"7",1,1,1,1,1,NA,0,0,0,0,NA,"0",0,0,7,7,7,7,6,7,6,7,7,6,5,5,7,7,7,7,5,7,5,7,6,7,7,6,6,7,5,1,6,7,7,200,25000,0,85,2,1,0,5,7,5,4,5,6,6,7,6,NA,NA,NA,NA,NA,NA,NA,NA,6,1,1,7,7,7,25,6000,"Micro","Graphic, communication & digital design",NA
"46","Mede-eigenaar","Grafisch ontwerpen",2,158,2000,1,"Amsterdam",7,1,4,1,7,4,2,7,4,7,7,4,1,6,7,3,6,7,3,7,7,4,1,2,7,7,7,1,2,4,7,1,1,1,4,1,1,NA,"7",1,1,1,1,1,NA,0,0,0,0,NA,"0",0,0,2,4,4,7,3,6,2,4,7,4,5,7,7,7,7,6,3,4,3,3,4,6,4,1,6,1,2,7,5,1,7,15,1,1,825,1,2,0,2,4,3,3,5,7,3,6,3,NA,NA,NA,NA,NA,NA,NA,NA,6,1,2,6,7,4,15,45,"Micro","Graphic, communication & digital design",NA
"48","directeur-ontwerper","industrial design",2,2,1997,1,"Nederland",5,4,3,5,6,6,3,1,7,1,5,6,1,4,5,6,4,7,4,4,7,4,4,4,4,6,4,1,5,4,7,2,1,1,1,1,1,"-99","7",1,1,1,1,1,"-99",0,0,0,0,-99,"0",0,0,4,5,5,2,5,4,5,4,5,5,5,6,6,6,6,5,6,5,2,4,2,6,2,5,1,6,6,7,1,2,2,5,0,1,110,0,1,0,5,5,5,5,6,5,3,5,4,0,4,1,160000,0,0,0,5,NA,NA,NA,NA,NA,NA,NA,NA,"Micro","Industrial design",NA
"49","architect","ontwerpen van gebouwen",6,7,1999,1,"amsterdam",5,6,1,2,7,7,1,1,7,2,7,2,2,6,6,6,4,4,6,5,5,2,2,7,4,4,1,1,4,1,5,1,1,1,1,3,7,"percentage stichtingskosten gebouw","7",1,1,1,1,1,NA,0,1,0,0,NA,"0",6,7,7,6,7,7,5,6,6,4,6,6,4,4,4,5,6,5,3,5,2,3,2,1,3,4,2,2,3,2,6,1,2,3,20,4,80,0,1,0,7,3,7,7,7,5,3,6,5,NA,NA,NA,NA,NA,NA,NA,NA,2,1,1,2,7,2,20,70000,"Micro","Architecture & urban planning",NA
"50","arch/eigenaar","energietransitie/architectuur",3,3,1990,1,"Rotterdam",5,6,7,6,7,7,1,7,7,5,7,2,1,5,7,6,5,6,7,5,5,7,6,7,2,7,7,1,6,7,7,1,6,1,1,2,1,NA,"7",1,3,1,1,1,NA,0,1,0,0,NA,"7",0,7,6,7,3,7,3,5,7,6,5,2,1,7,6,7,6,5,7,7,1,6,6,6,2,2,6,3,6,6,6,2,6,10,30,2,25,1,3,3,2,4,2,6,2,4,4,5,3,NA,NA,NA,NA,NA,NA,NA,NA,7,6,2,4,6,2,NA,70,"Micro","Architecture & urban planning",NA
"52","Co-founder","Virtual Reality in Gezondheidszorg",4,4,2017,1,"Eindhoven",5,6,7,6,6,5,2,7,7,7,6,7,4,7,7,7,6,6,6,4,6,6,5,5,6,4,5,3,7,7,5,4,4,7,4,4,4,NA,"6",4,7,5,4,4,NA,0,0,0,0,NA,"0",0,0,6,6,6,5,5,7,7,7,6,5,5,5,6,5,6,7,7,7,5,7,6,6,6,4,5,6,6,4,3,6,7,4,0,0,100,4,2,2,4,4,4,6,3,5,5,6,5,NA,NA,NA,NA,NA,NA,NA,NA,5,4,2,5,6,4,14,8000,"Micro","Advertisement & marketing",NA
"53","ontwerper/mede eigenaar","architectuur & engineering daarvan",4,45,4,1,"Amsterdam",4,5,5,5,5,3,1,5,7,1,6,5,1,7,7,7,3,7,7,1,5,5,3,5,5,6,6,1,6,2,6,1,3,1,1,5,4,"onderzoeksubsidies","7",1,2,3,1,4,"eigen inleg",0,0,0,0,NA,"0",0,0,7,7,7,6,5,6,7,7,6,5,1,5,7,7,6,7,7,5,5,1,6,4,2,1,5,1,6,1,7,5,4,6,20,NA,100,3,3,1,1,4,1,5,6,4,7,6,3,NA,NA,NA,NA,NA,NA,NA,NA,1,4,6,5,4,6,NA,NA,"Micro","Architecture & urban planning",NA
"54","Eigenaar","Communicatie en vormgeving",6,6,1999,1,"Willemstad",3,6,2,4,6,5,2,3,6,4,6,5,1,5,6,5,4,6,3,2,6,4,1,6,5,4,4,4,6,6,6,2,2,3,4,1,1,NA,"6",1,1,1,1,1,NA,1,0,0,0,NA,"0",5,5,5,5,7,2,2,3,3,3,6,7,6,7,6,6,5,4,4,5,6,NA,NA,NA,NA,NA,NA,NA,NA,NA,NA,NA,NA,NA,NA,NA,NA,1,1,2,5,4,4,3,5,6,3,5,4,NA,NA,NA,NA,NA,NA,NA,NA,4,1,NA,NA,NA,NA,NA,NA,"Micro","Graphic, communication & digital design",NA
"55","Bestuurder/architect","architectuur",3,3,NA,1,"warmond",7,5,2,4,7,7,3,1,7,4,6,2,1,5,5,3,4,7,7,4,1,7,4,4,1,1,1,1,1,1,5,5,1,1,1,3,1,"geen","7",1,1,1,1,1,"geen",0,0,0,0,NA,"0",0,0,3,3,7,6,4,5,4,1,7,6,6,5,6,7,6,5,5,5,3,7,4,7,1,6,4,1,1,4,1,1,6,2,0,0,75,1,1,1,3,4,4,6,5,4,4,3,2,NA,NA,NA,NA,NA,NA,NA,NA,1,1,1,4,7,4,15,15000,"Micro","Architecture & urban planning",NA
"56","Directeur / eigenaar","reclameproductie",2,76,1985,1,"Rotterdam",5,7,7,3,5,7,3,7,7,5,7,3,2,5,6,4,6,7,6,6,7,5,5,7,7,7,5,1,6,5,7,1,7,5,4,1,1,NA,"7",1,1,1,1,1,NA,0,0,0,0,NA,"0",0,0,6,4,5,7,2,5,1,3,7,4,5,7,7,7,7,6,6,6,2,2,6,4,1,1,7,4,4,2,6,5,3,100,5,0,55,0,0,0,4,4,5,3,6,6,3,6,4,NA,NA,NA,NA,NA,NA,NA,NA,5,1,1,7,6,3,65,75,"Micro","Products",NA
"58","Directeur","Design",21,16,2003,1,"Amsterdam",4,5,1,7,7,7,4,7,6,7,7,5,7,7,7,7,3,6,5,6,2,6,1,7,7,3,2,1,7,4,7,1,4,2,2,1,7,NA,"3",2,7,1,1,-99,"-99",0,0,0,0,-99,"0",0,0,7,7,7,7,2,7,6,7,7,5,4,4,7,7,5,5,6,4,5,7,1,1,1,7,3,2,4,3,5,1,5,35,5,2,100,3,1,1,2,4,4,4,4,5,6,5,4,0,1,1,9e+05,10,10,2,15,NA,NA,NA,NA,NA,NA,NA,NA,"Small","Graphic, communication & digital design",NA
"59","managing director","ontwerp en realisatie van webapplicaties",70,56,1994,1,"Amsterdam",1,7,5,6,6,6,2,2,7,5,7,6,6,5,7,6,3,7,3,6,6,6,4,7,1,3,2,1,4,3,6,1,1,4,1,4,6,"opgeleverde functionaliteit icm teamprijs","7",1,2,1,1,NA,NA,1,0,1,0,NA,"4",6,5,5,5,5,3,5,5,4,2,5,6,4,4,7,7,6,5,6,5,6,5,5,5,2,4,5,3,3,3,3,2,5,4,10,1,94,1,1,4,3,5,4,3,4,6,7,7,4,NA,NA,NA,NA,NA,NA,NA,NA,2,5,2,6,6,3,12,1e+05,"Medium","Game and app design",NA
"60","partner","design",27,24,1978,1,"Leiden",2,5,6,6,7,6,2,6,7,4,6,6,2,6,6,5,4,6,6,3,6,5,3,6,2,4,2,4,4,4,6,6,2,4,5,1,6,NA,"6",-99,2,-99,-99,-99,"-99",1,1,0,0,-99,"6",1,3,4,5,5,6,4,4,4,4,6,4,2,5,6,6,6,5,6,5,4,4,4,6,2,4,5,2,4,6,4,4,4,-99,-99,-99,100,4,4,2,4,4,4,3,3,6,6,6,4,0,6,2,-99,-99,-99,-99,-99,NA,NA,NA,NA,NA,NA,NA,NA,"Small","Industrial design",NA
"61","Oprichter/eigenaar","Vormgeving",2,1,2013,0,"-",5,6,7,4,6,6,6,6,6,6,6,5,4,4,5,6,5,5,5,4,4,5,3,6,5,3,3,4,5,3,5,4,4,2,2,2,1,"-","7",3,1,1,1,1,"-",0,0,0,0,NA,"0",0,0,6,5,5,4,5,5,3,4,5,6,5,5,5,5,5,5,4,5,4,5,5,5,4,4,3,5,4,3,5,4,5,60,5,0,55,1,2,0,4,4,3,4,4,5,3,5,4,NA,NA,NA,NA,NA,NA,NA,NA,5,5,3,5,5,4,35,2000,"Micro","Graphic, communication & digital design",NA
"62","Founder","Applied art",3,4,2015,1,"Rotterdam",1,7,7,7,7,7,7,5,7,7,7,2,7,6,6,6,2,7,7,1,4,5,5,1,7,7,7,6,3,5,7,3,2,2,7,1,4,NA,"7",2,1,1,1,4,NA,0,0,0,0,NA,"0",0,0,7,5,7,7,7,7,7,7,7,6,3,7,7,7,7,5,5,7,6,7,3,7,7,5,5,7,2,5,3,7,7,6,1,1,100,2,0,0,5,5,4,7,4,7,4,7,7,NA,NA,NA,NA,NA,NA,NA,NA,7,2,1,7,5,1,NA,NA,"Micro","Mixed creative services & strategy",NA
"64","eigenaar","industrieel, grafisch en interaction design",14,11,2005,1,"Deventer",7,7,6,7,7,5,2,1,7,4,7,7,2,6,7,7,3,6,7,2,7,2,4,6,6,6,2,1,7,2,7,2,3,2,1,1,4,NA,"7",1,4,2,1,4,NA,0,0,0,0,-99,"0",0,0,7,7,7,1,5,7,7,7,7,3,2,5,6,7,7,7,4,5,3,3,2,6,1,1,2,2,5,3,2,2,5,30,0,NA,100,0,2,0,2,4,4,4,5,4,3,4,2,0,2,3,NA,NA,NA,NA,NA,NA,NA,NA,NA,NA,NA,NA,NA,"Small","Graphic, communication & digital design",NA
"65","Partner / Creative Director","Communicatie & websites",4,4,2011,1,"Utrecht",7,7,7,5,6,7,5,6,7,6,7,5,7,6,6,6,6,7,5,5,5,5,5,7,7,5,6,5,5,6,6,3,6,6,5,2,1,NA,"4",2,1,1,1,1,NA,1,1,0,0,NA,"4",4,4,7,6,6,7,6,6,6,4,6,6,6,6,6,6,7,5,6,6,5,NA,NA,NA,NA,NA,NA,NA,NA,NA,NA,NA,NA,NA,NA,NA,NA,2,2,1,4,4,4,4,4,5,4,4,4,NA,NA,NA,NA,NA,NA,NA,NA,7,2,NA,NA,NA,NA,NA,NA,"Micro","Graphic, communication & digital design",NA
"66","mede-eigenaar","visuele communicatie",2,2,2016,1,"Utrecht",3,7,1,5,7,7,3,7,5,1,7,5,1,5,7,5,2,6,6,4,7,1,5,7,4,5,5,1,5,1,7,1,1,1,1,1,1,NA,"7",1,1,3,1,1,NA,0,0,0,0,NA,"0",0,0,6,5,5,7,6,5,3,5,6,4,2,3,6,7,7,5,4,5,4,7,5,6,5,2,7,2,1,1,5,5,6,10,0,0,60,2,2,2,3,3,4,1,4,6,4,6,3,NA,NA,NA,NA,NA,NA,NA,NA,2,1,1,3,5,7,NA,15000,"Micro","Graphic, communication & digital design",NA
"67","Eigenaar","Grafische vormgeving",1,1,1996,1,"Naarden",5,7,5,2,6,7,1,1,7,4,7,5,1,2,6,1,7,6,6,4,7,2,1,3,7,7,4,1,5,1,7,1,1,1,4,1,1,NA,"7",1,1,1,1,1,NA,0,0,0,0,NA,"0",0,0,1,1,4,2,1,2,1,1,4,4,1,1,6,7,7,4,5,4,1,6,4,1,1,4,3,2,4,3,1,1,1,5,0,0,60,0,1,0,1,5,1,6,6,4,1,5,1,NA,NA,NA,NA,NA,NA,NA,NA,1,1,1,7,7,2,NA,48000,"Micro","Graphic, communication & digital design",NA
"68","Eigenaar","Illustrator",2,60,1981,1,"Naarden",5,6,1,1,5,6,3,6,6,2,7,1,2,5,6,5,5,5,3,5,5,5,4,5,6,3,5,3,6,2,7,2,2,1,2,5,5,"Contract","7",1,1,2,1,7,"geen",0,0,0,0,NA,"0",0,0,5,4,7,6,5,4,5,5,7,3,4,6,7,5,7,7,3,6,1,6,6,7,2,2,2,2,2,2,4,2,5,10,2,0,90,0,1,1,5,4,4,4,3,4,2,6,6,NA,NA,NA,NA,NA,NA,NA,NA,2,1,2,2,5,3,10,60,"Micro","Audiovisual services & animation",NA
"69","Architect","Architectuur",1,2,1991,1,"Groningen",7,7,4,7,7,4,4,6,6,5,7,7,7,7,7,7,3,3,7,3,5,5,4,7,3,6,6,3,6,7,7,4,3,3,6,3,1,NA,"6",2,2,1,2,1,NA,0,1,0,0,NA,"7",7,7,6,7,7,7,7,7,7,7,7,4,3,4,7,6,7,7,7,7,3,6,3,3,6,3,6,6,7,6,7,6,7,15,0,3,125,1,1,1,4,4,4,5,4,4,6,7,4,NA,NA,NA,NA,NA,NA,NA,NA,3,7,5,3,3,6,10,NA,"Micro","Architecture & urban planning",NA
"70","Co-owner","Contentstrategy and media creation",2,NA,2017,0,"-",6,6,6,7,7,4,5,1,7,6,7,4,3,5,6,6,3,6,6,6,6,6,6,6,5,1,6,4,2,5,7,1,1,5,3,5,4,NA,"7",2,2,1,1,4,NA,0,0,0,0,NA,"0",0,0,7,2,7,7,5,5,4,4,7,6,5,6,7,7,6,5,5,6,3,6,3,6,3,6,6,1,6,3,4,4,6,4,0,0,45,2,1,1,4,4,4,4,4,4,4,4,4,NA,NA,NA,NA,NA,NA,NA,NA,5,1,5,6,6,6,25,NA,"Micro","Mixed creative services & strategy",NA
"71","eigenaar","design thinking visual thinking",1,1,2000,1,"Amsterdam",5,6,5,6,4,3,4,2,7,1,7,5,1,6,6,6,4,7,5,4,6,5,6,4,5,2,5,3,6,6,6,3,1,1,1,2,1,NA,"6",1,1,1,1,2,"royalties verkoop",0,0,0,0,NA,"0",0,0,1,5,4,5,1,3,5,5,3,2,1,3,6,7,7,6,6,5,1,6,6,4,1,3,6,2,4,3,6,1,5,30,5,NA,11250,0,0,0,7,5,4,6,7,5,4,6,5,NA,NA,NA,NA,NA,NA,NA,NA,3,1,1,5,5,2,NA,80000,"Micro","Mixed creative services & strategy",NA
"72","grafisch vormgever","graphic design",2,2,1996,1,"H.I. Ambacht",6,6,1,3,7,7,2,7,7,6,7,6,2,6,6,6,6,6,4,5,6,6,1,6,6,4,4,3,5,3,6,3,6,3,2,1,1,NA,"7",1,1,1,1,1,NA,0,1,0,0,NA,"7",7,7,3,4,5,5,5,2,6,4,6,5,5,5,7,7,7,3,6,6,2,6,5,6,2,2,6,2,4,6,2,4,7,5,0,0,75,2,2,2,2,5,3,6,5,7,4,6,1,NA,NA,NA,NA,NA,NA,NA,NA,2,1,2,6,4,4,NA,NA,"Micro","Graphic, communication & digital design",NA
"73","eigenaar / vennoot","maken van piepschuim letters, logo's etc",1,5,2016,1,"Westland",6,2,2,1,1,7,2,7,2,2,7,2,1,7,7,2,7,4,1,1,7,7,5,7,2,7,1,4,5,4,6,1,7,1,3,1,1,NA,"7",1,1,1,1,1,NA,0,0,0,0,NA,"0",0,0,1,6,5,2,5,4,1,1,6,6,6,1,7,6,7,4,2,1,4,2,6,4,3,1,1,1,1,5,5,3,1,25,10,0,40,1,0,0,4,4,4,4,4,4,4,4,4,NA,NA,NA,NA,NA,NA,NA,NA,1,1,1,4,2,1,NA,NA,"Micro","Products",NA
"74","eigenaar","fotografie",2,2,1985,1,"ommen",6,5,2,4,5,6,5,6,4,2,6,4,2,5,6,4,2,5,3,3,5,6,5,4,3,4,4,3,5,5,6,2,4,3,4,2,NA,NA,"6",3,2,2,2,NA,NA,0,0,0,0,NA,"0",0,0,2,4,5,5,4,5,3,3,6,3,5,5,6,5,6,3,6,6,3,3,4,4,4,3,4,3,3,5,4,4,4,NA,0,3,NA,2,NA,NA,4,5,5,4,5,4,4,5,4,NA,NA,NA,NA,NA,NA,NA,NA,2,1,2,5,3,3,NA,NA,"Micro","Audiovisual services & animation",NA
"75","eigenaar","grafisch werk",1,24,2005,1,"ohe en laak",7,7,2,4,7,7,3,7,1,1,7,6,1,5,6,6,5,7,4,4,5,7,1,4,4,4,2,1,2,1,7,1,7,1,1,1,1,NA,"7",1,1,1,1,1,NA,0,0,0,0,NA,"0",0,0,5,4,6,5,6,1,5,2,7,5,2,4,7,6,7,4,5,5,1,1,7,1,3,1,7,4,4,7,6,6,1,5,0,0,NA,1,1,1,3,4,4,4,4,4,4,5,4,NA,NA,NA,NA,NA,NA,NA,NA,6,1,6,2,6,6,NA,NA,"Micro","Graphic, communication & digital design",NA
"76","CEO","Digital Agency",9,8,1998,1,"Rotterdam",7,3,7,7,7,7,7,7,7,2,7,5,6,6,6,4,5,7,7,5,7,3,7,7,5,5,1,3,6,6,7,1,1,5,4,1,1,NA,"7",3,3,1,1,1,NA,0,1,0,0,NA,"7",3,2,5,4,5,4,2,5,5,3,6,5,3,6,7,7,7,5,6,5,5,4,5,4,4,6,7,2,4,3,5,3,6,35,35,0,85,0,0,0,4,4,4,4,6,6,5,5,4,NA,NA,NA,NA,NA,NA,NA,NA,7,1,2,4,5,2,15,NA,"Micro","Advertisement & marketing",NA
"77","mede-eigenaar","marketing & communicatie",2,2,2015,1,"Alphen aan den Rijn",7,7,7,6,7,4,7,7,7,7,7,7,1,7,7,7,2,7,2,4,7,6,2,7,1,6,6,1,1,1,5,2,2,1,2,1,1,NA,"6",2,1,1,1,1,NA,0,0,0,0,NA,"0",0,0,5,2,2,5,2,4,2,2,6,7,5,5,7,7,6,2,5,6,2,5,4,3,3,1,5,2,2,4,2,2,3,15,0,0,65,2,1,1,4,4,4,4,4,4,4,5,4,NA,NA,NA,NA,NA,NA,NA,NA,3,1,2,5,6,5,20,NA,"Micro","Graphic, communication & digital design",NA
"78","Eigenaar","Reclame / film",0,NA,2001,2,"Amsterdam/Breda",7,7,7,7,1,7,1,7,7,7,7,1,1,7,7,1,1,1,7,1,4,7,1,7,1,7,1,1,1,1,7,1,7,1,7,1,1,NA,"3",1,1,1,1,7,"Opdarchtgever/Klant",0,0,0,1,NA,"7",7,7,1,1,1,1,1,1,4,7,7,7,7,1,5,7,4,7,7,7,1,7,7,2,1,7,3,1,1,7,1,7,7,1,NA,0,NA,NA,NA,NA,4,4,7,4,4,4,7,4,4,NA,NA,NA,NA,NA,NA,NA,NA,3,1,3,7,2,3,15,NA,"Micro","Advertisement & marketing",NA
"80","architect eigenaar","architectuur",0,0,1986,1,"Delft",4,4,2,3,6,6,2,4,4,4,6,2,1,3,6,4,4,5,5,2,4,3,2,3,6,3,5,1,1,1,6,1,2,1,1,3,1,NA,"7",2,2,1,1,1,NA,1,0,0,0,NA,"1",7,4,6,6,6,6,4,4,6,7,5,5,4,5,6,6,6,6,5,4,1,5,4,4,4,3,4,3,4,3,5,4,5,6,0,2,105,0,1,0,4,4,4,2,4,5,3,5,4,NA,NA,NA,NA,NA,NA,NA,NA,4,1,5,4,4,5,40,NA,"Micro","Architecture & urban planning",NA
"81","Owner/Partner/Designer","Graphic design, typography, type design, design education",3,3,1981,1,"Delft, The Netherlands",6,6,3,5,5,6,3,6,5,4,6,5,3,6,5,6,3,4,2,6,6,6,5,6,4,2,3,4,5,5,4,6,5,5,3,2,-99,"-99","6",2,2,2,2,-99,"-99",0,0,1,0,-99,"6",4,5,6,5,6,4,2,5,5,3,5,4,4,4,6,6,6,6,6,5,5,2,6,6,3,5,3,2,5,6,5,3,6,10,100,0,90,1,0,0,4,4,5,5,4,4,5,4,6,0,6,2,180,NA,NA,NA,20,NA,NA,NA,NA,NA,NA,NA,NA,"Micro","Graphic, communication & digital design",NA
"82","creatief directeur","Design voor brand/digital/spatial",14,11,2008,1,"Den Haag",7,7,1,7,7,7,4,1,7,1,7,7,4,7,7,7,2,4,7,1,7,4,7,7,3,7,2,1,2,2,7,1,1,2,7,6,1,"-99","7",1,1,1,1,1,"-99",0,0,0,0,0,"0",0,0,7,7,7,7,7,5,7,5,7,7,5,5,7,7,6,7,7,5,7,1,7,5,5,6,5,7,4,7,5,7,1,50,0,25,110,2,1,1,5,6,4,6,4,5,5,3,4,0,7,2,7e+05,5,180000,5,30,NA,NA,NA,NA,NA,NA,NA,NA,"Small","Mixed creative services & strategy",NA
"83","Intern","Marketing & Communications",5,5,2014,1,"Delft",4,6,4,6,6,3,4,5,5,3,5,2,2,5,5,6,3,3,6,5,4,5,3,6,3,3,3,4,5,3,5,2,2,5,2,2,NA,NA,"5",5,2,5,2,NA,NA,0,0,0,0,NA,"0",0,0,4,6,6,3,5,6,6,5,6,5,3,6,4,6,5,4,4,5,3,3,6,6,5,6,3,4,6,5,6,6,6,NA,NA,NA,NA,2,2,1,4,4,4,4,4,5,5,4,4,NA,NA,NA,NA,NA,NA,NA,NA,2,2,2,6,5,3,NA,NA,"Micro","Graphic, communication & digital design",NA
"85","Founder & Creative director","Websites & Print",4,3,2008,1,"Utrecht",7,7,6,7,7,7,7,6,7,6,6,7,7,7,7,7,6,7,7,6,7,5,1,7,6,3,1,1,1,1,7,1,7,2,2,4,1,NA,"7",1,1,1,1,1,NA,0,0,0,0,NA,"0",0,0,7,6,7,7,7,7,7,7,7,6,5,6,7,7,7,7,7,6,1,1,7,4,7,1,7,1,6,7,1,1,7,8,20,0,85,0,1,2,7,4,4,4,4,7,6,7,7,NA,NA,NA,NA,NA,NA,NA,NA,6,6,1,1,7,1,75,NA,"Micro","Graphic, communication & digital design",NA
"86","Directeur groot aandeelhouder (dga)","Vormgeving en desktop publishing (dtp)",0,0,2015,1,"Hoofddorp NH",7,3,1,1,1,7,1,7,1,1,6,6,6,5,7,5,7,7,5,5,7,1,4,5,3,5,5,5,5,2,7,1,1,1,1,2,1,NA,"7",1,1,1,1,1,NA,0,0,0,0,NA,"0",0,0,7,2,6,3,1,2,2,5,7,7,6,7,7,5,7,7,6,7,3,3,5,4,4,4,7,7,5,1,6,5,6,190,0,0,55,2,NA,NA,6,6,6,5,7,6,5,7,4,NA,NA,NA,NA,NA,NA,NA,NA,1,1,1,6,5,3,10,70,"Micro","Graphic, communication & digital design",NA
"87","Directeur/eigenaar","Drukwerk, ontwerp, groot formaat printen, video/animaties",7,4,1959,1,"Volendam",7,7,7,2,3,7,7,2,6,1,7,7,2,6,6,4,5,7,6,6,6,4,4,2,6,7,6,2,4,6,6,1,6,3,7,2,NA,NA,"7",1,1,1,1,NA,NA,0,0,0,0,NA,"0",0,0,6,6,6,6,6,7,5,4,6,7,6,6,6,6,6,6,6,6,6,7,4,7,4,6,7,4,4,5,5,4,5,1000,3,0,75,2,1,0,4,4,4,4,4,5,3,5,3,NA,NA,NA,NA,NA,NA,NA,NA,7,1,4,5,4,4,NA,250000,"Micro","Audiovisual services & animation",NA
"89","Managing Partner","Design & Communication",12,12,2015,1,"Arnhem",7,7,7,7,7,7,7,2,7,3,7,5,3,5,6,5,5,7,5,5,7,5,7,7,2,3,3,3,4,2,7,2,1,1,2,1,1,NA,"7",1,1,1,2,1,NA,0,0,0,0,NA,"0",0,0,6,5,7,5,4,7,4,5,7,6,7,5,7,7,7,6,6,4,4,5,6,6,5,6,6,7,4,2,5,6,6,8,80,1,NA,2,1,1,4,4,4,4,4,6,4,6,5,NA,NA,NA,NA,NA,NA,NA,NA,3,1,1,6,5,2,NA,NA,"Small","Graphic, communication & digital design",NA
"90","eigenaar","advies en vormgeving",0,0,2015,1,"leeuwarden",7,7,6,7,7,7,7,6,7,6,7,7,1,1,7,7,1,7,7,7,7,7,7,7,7,7,6,2,7,6,7,1,7,7,7,7,7,"co-creatie","7",1,1,1,1,1,NA,0,0,0,0,NA,"0",0,7,7,7,7,7,1,7,7,7,7,7,1,7,7,7,7,7,7,7,1,7,7,7,7,1,7,7,7,1,7,7,7,20,5,0,80,0,1,1,1,6,5,4,4,6,4,4,4,NA,NA,NA,NA,NA,NA,NA,NA,7,1,1,1,7,7,20,0,"Micro","Graphic, communication & digital design",NA
"91","DGA","Ontwerp & realisatie interieurs",2,3,1999,1,"Bussum",6,7,7,2,7,7,1,1,7,1,7,7,1,7,6,2,4,7,1,1,7,1,5,7,7,5,5,1,2,1,7,1,7,1,7,1,1,NA,"7",1,1,1,1,1,NA,0,0,0,0,NA,"0",0,0,6,3,6,1,1,1,1,3,6,2,2,3,7,6,6,4,5,5,3,1,6,2,2,2,6,3,4,3,1,2,2,5,0,0,90,0,0,0,4,4,4,6,5,7,2,6,3,NA,NA,NA,NA,NA,NA,NA,NA,7,1,1,6,4,3,25,3e+05,"Micro","Spatial design & interior architecture",NA
"92","eigenaar/architect","architectuur",6,5,2006,2,"Bergen op Zoom, Middelburg",5,6,2,7,7,7,2,2,7,4,7,2,1,7,7,7,1,5,7,1,2,2,6,7,2,5,1,1,2,2,7,1,1,1,1,1,1,NA,"7",1,2,1,1,1,NA,0,0,0,0,NA,"0",0,0,6,7,7,7,6,7,7,7,7,4,2,5,6,7,6,6,7,4,2,2,2,6,1,2,1,2,6,4,2,1,6,10,0,4,100,2,2,1,5,4,4,4,4,6,3,5,6,NA,NA,NA,NA,NA,NA,NA,NA,1,1,1,7,3,4,10,60000,"Micro","Architecture & urban planning",NA
"93","Owner","branding, marketing & communicatie",6,6,2001,1,"Grave",7,7,7,7,7,7,4,4,6,6,7,4,1,6,4,4,4,7,4,6,7,7,4,4,4,4,4,4,6,6,7,1,3,1,4,4,1,NA,"6",1,1,1,1,1,NA,0,0,0,0,NA,"0",0,0,5,6,5,7,4,4,3,3,7,7,7,5,7,7,7,5,6,7,4,4,2,4,2,2,6,4,5,6,2,3,4,35,5,1,80,3,1,3,4,4,4,4,4,6,4,6,6,NA,NA,NA,NA,NA,NA,NA,NA,6,1,6,1,2,7,NA,NA,"Micro","Graphic, communication & digital design",NA
"94","Mede-eigenaar","reclame",10,8,2012,1,"Leiden",7,7,7,6,7,7,6,3,7,6,7,7,4,7,6,5,6,7,7,7,7,7,4,7,7,7,7,1,5,5,7,1,1,7,7,1,1,NA,"7",5,1,1,1,1,NA,1,NA,0,0,NA,"7",7,7,7,7,7,2,2,2,2,1,6,4,4,2,7,7,7,7,6,6,1,6,4,4,5,1,7,7,5,2,4,3,7,20,0,0,95,2,2,1,3,4,4,6,4,4,4,5,3,NA,NA,NA,NA,NA,NA,NA,NA,7,1,1,4,6,7,30,40,"Small","Advertisement & marketing",NA
"95","Founder","Ontwikkeling communicatiesystemen",4,2,2015,1,"Almere NL",7,6,7,1,5,7,7,7,6,1,6,7,1,6,6,7,5,5,7,2,6,6,1,5,6,6,3,1,4,4,4,1,7,6,1,1,1,NA,"7",1,1,1,1,1,NA,0,0,0,0,NA,"0",0,0,6,7,6,6,4,5,4,5,6,7,5,7,7,7,7,7,6,6,5,6,6,6,4,7,7,6,5,2,5,6,4,10,20,NA,60,2,1,1,6,5,6,6,6,6,4,6,5,NA,NA,NA,NA,NA,NA,NA,NA,6,1,2,6,6,3,50,150000,"Micro","Graphic, communication & digital design",NA
"96","Interieurarchitect Eigenaar","Interieurarchitectuur",3,2,1987,1,"Leeuwarden",6,5,2,4,6,5,4,4,6,6,6,4,1,7,6,6,5,7,6,2,6,6,6,6,6,5,5,3,5,6,7,5,5,1,4,3,1,NA,"7",1,1,1,1,1,NA,0,0,0,0,NA,"0",0,0,7,6,6,4,4,5,6,6,7,4,5,5,7,7,7,6,6,7,5,5,3,4,4,4,5,5,6,3,6,4,4,40,0,1,75,0,0,0,4,4,4,4,4,4,5,6,5,NA,NA,NA,NA,NA,NA,NA,NA,5,1,2,6,5,3,20,70000,"Micro","Architecture & urban planning",NA
"98","eigenaar","woninginrichting",3,3,2004,1,"uithoorn",1,6,6,1,1,7,1,1,7,7,7,1,1,5,7,4,4,7,7,7,7,7,4,6,6,6,5,2,4,6,5,NA,7,1,1,1,NA,NA,"7",1,1,1,1,NA,NA,0,0,0,0,NA,"0",0,0,6,2,5,2,4,5,2,2,7,6,5,4,7,5,7,5,4,6,2,3,4,4,4,4,5,4,4,4,4,4,5,10,5,0,40,0,0,0,4,4,5,6,4,6,1,7,5,NA,NA,NA,NA,NA,NA,NA,NA,7,1,2,5,5,5,30,250,"Micro","Spatial design & interior architecture",NA
"99","eigenaar","grafisch ontwerp",2,2,2012,1,"Baflo",7,7,4,3,6,3,2,4,7,4,7,4,2,6,6,4,2,6,7,7,7,7,1,7,7,5,7,4,4,4,7,1,2,1,5,1,1,"0","7",1,1,1,1,1,"0",1,1,1,0,0,"7",7,7,7,5,7,1,1,1,4,5,4,7,3,7,7,7,7,7,7,7,1,NA,NA,NA,NA,NA,NA,NA,NA,NA,NA,NA,NA,NA,NA,NA,NA,2,1,1,4,4,4,5,4,5,5,5,4,NA,NA,NA,NA,NA,NA,NA,NA,3,4,NA,NA,NA,NA,NA,NA,"Micro","Graphic, communication & digital design",NA
"101","architect","ontwerp",1,1,2000,1,"schoonhoven",6,2,2,7,7,7,2,7,7,4,7,5,2,6,7,7,5,6,6,6,6,6,6,6,2,4,4,4,4,4,7,1,4,1,1,1,7,"contract","7",2,1,1,1,1,NA,0,0,0,0,NA,"0",0,0,1,7,6,5,6,7,6,4,1,6,2,6,7,6,6,7,5,6,1,6,6,2,3,2,1,2,1,6,4,2,5,4,0,2,90,0,0,0,4,4,5,4,5,4,4,5,5,NA,NA,NA,NA,NA,NA,NA,NA,2,1,1,6,6,6,30,40,"Micro","Architecture & urban planning",NA
"102","eigenaar","grafisch ontwerp",1,1,1987,1,"-",7,3,7,7,7,7,3,7,7,7,7,1,1,6,6,3,5,7,7,2,5,4,6,7,7,7,7,1,7,1,7,2,6,1,6,1,1,NA,"7",1,1,1,1,1,NA,0,0,0,0,NA,"0",0,0,5,5,6,6,5,6,6,6,7,1,1,6,7,6,7,5,3,5,1,6,7,1,5,1,7,6,3,7,1,6,5,60,0,0,80,NA,NA,NA,3,7,5,1,5,3,3,7,2,NA,NA,NA,NA,NA,NA,NA,NA,7,1,2,1,4,6,20,250000,"Micro","Graphic, communication & digital design",NA
"103","Eigenaar","grafisch ontwerp en webdesign",1,1,1987,1,"Almelo",6,7,5,4,7,6,5,3,7,1,7,5,1,6,7,5,5,7,1,4,7,5,7,4,2,4,7,5,5,6,7,1,3,1,4,3,4,"geen","3",1,1,1,1,4,"partner",0,0,0,0,NA,"0",0,0,3,3,5,5,3,4,4,5,7,4,3,3,6,6,7,4,2,5,3,6,2,4,2,4,2,2,1,3,3,2,3,5,30,0,NA,1,1,0,3,4,4,4,3,4,3,6,3,NA,NA,NA,NA,NA,NA,NA,NA,5,1,5,5,4,5,70,15000,"Micro","Graphic, communication & digital design",NA
"104","directeur","Buitenreclame kunst en cultuur",3,3,1985,1,"Rotterdam",7,3,7,1,1,7,7,7,4,6,7,7,1,7,7,2,7,7,7,1,7,1,1,7,2,7,7,1,3,2,2,1,4,1,4,1,7,NA,"7",1,1,1,1,1,NA,0,1,0,0,NA,"7",0,0,5,5,6,4,1,7,3,5,6,7,5,6,5,3,7,7,5,3,1,3,7,7,4,1,3,7,3,1,7,4,6,15,0,0,20,0,1,1,4,7,5,4,6,6,4,4,4,NA,NA,NA,NA,NA,NA,NA,NA,6,1,1,5,1,1,40,NA,"Micro","Advertisement & marketing",NA
"105","directeur-eigenaar","communicatie",2,NA,1990,1,"Almere",7,7,5,6,6,6,3,6,6,5,7,3,2,6,6,6,6,6,6,6,6,1,6,5,6,1,1,1,6,5,6,2,4,4,1,1,4,NA,"6",3,1,1,1,2,NA,0,0,0,4,NA,"0",0,1,5,6,5,6,3,3,2,6,6,6,6,5,7,6,6,6,5,4,2,4,4,3,6,5,5,4,5,3,4,4,6,10,0,0,NA,2,2,2,4,5,4,4,3,5,4,6,6,NA,NA,NA,NA,NA,NA,NA,NA,2,1,2,4,6,2,NA,NA,"Micro","Graphic, communication & digital design",NA
"106","Eigenaar","Meubelmaken",0,2,2005,1,"Delft",5,6,3,1,5,7,6,7,7,1,7,1,1,7,7,7,1,7,7,1,4,7,1,7,4,4,1,1,4,1,7,1,7,7,1,4,1,NA,"7",1,1,1,1,1,NA,0,0,0,0,NA,"0",0,0,1,2,4,4,1,7,1,1,1,1,1,4,7,7,7,1,3,3,1,4,4,4,4,4,5,2,4,3,5,3,4,12,0,0,45,2,2,2,7,4,4,7,4,4,4,6,6,NA,NA,NA,NA,NA,NA,NA,NA,1,1,2,6,4,4,0,75000,"Micro","Products",NA
"107","owner","architecture",4,2,2015,1,"amsterdam",6,7,4,3,7,7,3,5,7,2,7,6,5,7,6,7,2,6,5,4,6,6,6,6,5,7,7,3,3,5,7,2,2,1,2,1,NA,NA,"6",1,1,1,1,NA,NA,0,1,0,0,NA,"4",4,4,6,4,7,7,6,7,7,7,7,5,5,4,7,7,6,5,7,6,4,7,3,7,6,4,5,5,4,3,7,7,7,5,0,1,9250,2,0,0,1,5,3,2,3,6,4,5,3,NA,NA,NA,NA,NA,NA,NA,NA,5,2,4,5,4,7,10,20000,"Micro","Architecture & urban planning",NA
"108","eigenaar","Films",1,1,2008,1,"Ohe en Laak",1,7,5,1,6,6,6,1,7,5,6,5,2,6,7,5,3,6,5,3,6,4,4,6,3,1,2,1,4,1,7,2,2,4,2,1,1,NA,"7",1,1,1,1,1,NA,0,0,0,0,NA,"0",0,0,6,4,6,6,6,4,4,1,7,5,5,6,7,7,7,6,6,6,1,5,7,6,4,3,7,6,6,5,6,5,6,20,1,0,70,0,0,0,4,4,4,6,4,6,2,6,4,NA,NA,NA,NA,NA,NA,NA,NA,5,1,4,5,6,6,NA,NA,"Micro","Audiovisual services & animation",NA
"109","ontwerper zzp-er","grafische em multi media ontwerp",1,NA,2001,1,"Rotterdam",7,7,6,6,6,7,3,7,7,7,7,6,1,5,6,6,6,7,7,5,5,3,2,5,5,7,7,5,5,1,7,1,1,1,1,1,1,NA,"7",1,1,1,1,1,NA,0,0,0,0,NA,"0",0,0,1,6,7,6,4,4,6,3,7,4,3,7,7,7,7,7,6,6,1,4,4,6,6,4,6,1,6,7,7,6,4,NA,NA,NA,NA,NA,NA,NA,4,5,4,4,6,4,4,5,3,NA,NA,NA,NA,NA,NA,NA,NA,4,1,2,5,6,2,NA,NA,"Micro","Graphic, communication & digital design",NA
"110","directeur/eigenaar","architektenburo",0,2,1990,1,"Scherpenzeel",7,6,4,1,7,7,4,1,7,5,7,4,4,6,6,4,5,6,7,4,6,6,4,4,4,5,5,4,2,4,6,2,2,2,2,1,4,NA,"7",1,1,1,1,1,NA,0,0,0,0,NA,"0",0,0,1,4,3,5,4,3,5,5,1,4,5,5,7,7,1,5,3,3,1,6,4,5,4,4,5,4,4,3,4,4,5,8,5,0,95,1,1,1,4,6,4,5,5,4,4,5,4,NA,NA,NA,NA,NA,NA,NA,NA,5,1,6,6,6,5,NA,70000,"Micro","Architecture & urban planning",NA
"111","architect directeur","architectuur",2,2,2004,1,"Made",7,1,7,5,5,7,7,1,7,6,7,5,1,6,6,4,6,6,6,5,5,5,5,2,6,1,7,1,5,1,7,1,1,1,1,2,1,NA,"7",1,1,1,1,1,NA,0,0,0,0,NA,"0",0,0,1,1,4,7,2,6,1,2,6,2,7,1,7,6,7,6,6,5,5,7,4,4,4,1,4,4,1,2,5,4,7,NA,NA,NA,NA,1,1,1,4,6,4,4,4,5,5,6,5,NA,NA,NA,NA,NA,NA,NA,NA,1,1,1,2,6,6,NA,NA,"Micro","Architecture & urban planning",NA
"113","eigenaar","Industriele en grafische vormgever",3,3,2006,1,"Amsterdam",1,7,4,6,7,4,3,7,7,4,7,1,1,7,7,7,1,7,7,1,7,1,1,6,6,5,5,2,6,7,7,7,4,4,2,1,1,NA,"7",3,1,1,1,1,NA,1,1,0,0,NA,"7",5,0,7,7,7,2,3,5,4,5,6,6,4,6,7,7,7,7,7,7,2,4,6,6,2,5,6,3,6,2,6,5,6,40,0,0,90,3,3,0,5,1,4,1,5,7,1,6,5,NA,NA,NA,NA,NA,NA,NA,NA,4,4,3,6,6,6,NA,NA,"Micro","Graphic, communication & digital design",NA
"114","Mede-eigenaar","Teksten",2,15,2007,1,"Amsterdam",5,3,1,1,7,1,2,1,7,1,7,1,1,2,6,3,2,6,5,5,6,4,5,7,1,1,1,1,6,1,7,6,1,1,1,3,1,NA,"7",1,1,1,1,1,NA,0,0,0,0,NA,"0",0,0,1,1,1,1,1,1,1,6,1,1,1,1,1,1,6,1,1,1,1,4,5,2,5,2,5,2,5,2,6,5,4,NA,NA,NA,NA,2,0,0,5,3,5,3,6,5,4,5,5,NA,NA,NA,NA,NA,NA,NA,NA,1,1,2,5,5,2,NA,NA,"Micro","Advertisement & marketing",NA
"115","eigenaar / meubelmaker","(meubel)ontwerp en meubelmakerij",2,2,2005,1,"Amsterdam",7,4,2,3,6,7,6,7,6,4,7,5,3,6,7,4,4,5,3,4,6,6,4,6,6,6,5,3,6,2,6,2,NA,1,2,1,NA,NA,"7",1,1,2,1,NA,NA,0,0,0,0,NA,"0",0,0,4,5,7,5,7,3,4,3,6,7,5,7,7,6,7,5,3,6,4,3,6,4,5,2,5,5,3,2,7,6,4,8,0,0,60,2,2,2,3,5,4,3,4,4,3,6,6,NA,NA,NA,NA,NA,NA,NA,NA,2,1,2,4,3,6,20,NA,"Micro","Products",NA
"116","Lead Creative","Graphic Design",5,5,2016,1,"Amsterdam",5,5,2,6,6,6,4,2,6,5,6,2,5,6,6,5,2,6,6,3,2,6,2,6,2,5,2,2,4,4,6,2,2,4,2,1,6,"Project prices","6",2,2,2,2,1,NA,0,0,0,0,NA,"0",0,0,7,5,6,7,4,6,6,6,6,2,5,6,7,7,6,6,6,5,5,4,6,5,5,6,6,6,4,2,6,6,5,20,0,0,70,2,1,1,4,6,4,4,4,6,4,6,6,NA,NA,NA,NA,NA,NA,NA,NA,4,5,4,4,5,6,NA,NA,"Micro","Graphic, communication & digital design",NA
"117","partner","product ontwerp, industrieel ontwerp",3,3,2009,1,"amsterdam",5,7,6,6,7,4,5,7,7,1,7,4,3,6,6,3,1,5,6,5,4,7,3,7,3,3,7,5,3,3,7,5,7,5,2,1,1,NA,"7",4,3,1,1,1,NA,0,1,0,0,NA,"7",5,3,7,7,7,7,7,6,7,7,7,3,4,4,3,7,4,5,7,7,2,6,7,5,4,2,2,7,4,2,1,6,6,5,20,1,75,2,2,NA,6,6,6,4,4,4,2,4,3,NA,NA,NA,NA,NA,NA,NA,NA,1,1,3,6,5,7,30,50000,"Micro","Products",NA
"118","Partner","Digital Product Design",60,55,2008,3,"Amsterdam, Rotterdam, Eindhoven",7,3,1,7,7,5,2,4,7,4,7,2,1,7,7,7,1,7,6,6,6,6,2,7,1,2,3,2,6,2,7,1,1,1,1,1,7,NA,"7",3,1,1,1,1,"-99",2,1,0,0,-99,"1",1,7,7,6,7,2,2,4,5,5,7,4,5,5,7,7,7,6,7,6,5,2,3,7,2,3,5,2,5,4,7,2,2,60,10,1,100,3,1,2,4,4,4,4,4,6,4,5,5,1,7,2,4,10,400,10,5,NA,NA,NA,NA,NA,NA,NA,NA,"Medium","Products",NA
"119","eigenaar","design",2,2,2011,1,"eindhoven",5,7,3,6,7,6,3,7,5,3,6,6,1,6,5,7,4,6,6,2,6,5,5,6,5,6,3,4,2,3,2,5,6,2,1,1,7,"verhuur","7",1,3,1,1,1,NA,0,0,0,0,NA,"0",0,0,5,6,6,7,5,6,3,2,4,6,6,6,6,5,6,4,5,6,5,5,3,5,3,5,3,6,5,1,6,5,5,4,80,1,NA,1,2,0,5,2,6,3,6,5,6,5,5,NA,NA,NA,NA,NA,NA,NA,NA,2,1,3,6,5,4,80,50000,"Micro","Mixed creative services & strategy",NA
"120","owner / designer","spatial design",2,2,2015,2,"eindhoven den dolder",5,7,5,5,5,5,3,1,5,6,6,3,1,6,6,5,4,5,6,4,5,4,1,6,5,3,4,2,5,4,6,2,5,2,3,5,-99,"-99","6",4,1,1,1,-99,"-99",2,1,0,0,-99,"5",4,7,4,7,6,4,1,4,6,4,2,5,6,3,5,6,6,4,1,6,5,2,5,5,3,2,5,2,2,2,6,2,4,25,0,0,80,0,2,0,4,4,5,4,4,3,7,6,4,0,4,4,35000,60,-99,-99,50,NA,NA,NA,NA,NA,NA,NA,NA,"Micro","Spatial design & interior architecture",NA
"121","Eigenaar","Interieurontwerp horeca",3,0,2008,2,"Klundert tilburg",6,6,2,4,7,5,3,5,7,7,7,1,1,7,7,7,4,7,7,1,5,7,6,7,5,7,1,4,7,7,7,4,2,2,7,1,7,NA,"7",1,1,1,1,1,NA,0,0,0,0,NA,"0",7,7,7,7,7,7,5,7,7,6,7,7,7,4,7,7,7,7,1,7,2,7,2,7,3,7,2,4,3,7,1,1,7,10,100,1,100,2,2,NA,3,4,5,4,6,5,7,4,5,NA,NA,NA,NA,NA,NA,NA,NA,4,1,1,4,7,5,NA,60,"Micro","Spatial design & interior architecture",NA
"122","office manager","design",18,14,1997,1,"amsterdam",6,5,7,3,6,6,4,6,6,6,6,6,4,6,6,5,4,6,5,4,6,1,4,4,6,6,2,2,4,4,5,3,2,2,5,2,NA,NA,"6",1,1,1,1,NA,NA,0,0,0,0,NA,"0",0,0,5,5,5,4,6,4,4,4,6,6,6,6,6,5,6,6,5,6,5,NA,NA,NA,NA,NA,NA,NA,NA,NA,NA,NA,NA,NA,NA,NA,NA,1,1,1,4,4,4,4,4,4,4,4,4,NA,NA,NA,NA,NA,NA,NA,NA,6,2,NA,NA,NA,NA,NA,NA,"Small","Spatial design & interior architecture",NA
"123","directeur, architect","architectuur",2,4,2010,1,"Gemert",2,4,2,3,1,1,3,6,1,2,1,3,6,2,1,1,5,4,1,6,3,2,5,2,2,1,3,4,2,6,1,7,7,7,7,4,7,NA,"1",6,6,7,7,7,NA,0,0,0,0,NA,"0",0,0,6,4,6,5,6,4,6,6,4,2,2,2,5,5,5,7,6,5,2,3,2,7,3,2,5,2,5,6,6,3,6,50,0,0,80,1,2,1,5,4,4,4,5,5,4,5,4,NA,NA,NA,NA,NA,NA,NA,NA,2,7,2,3,5,5,40,60000,"Micro","Architecture & urban planning",NA
"124","Eigenaar","Marketing en Communicatie",4,33,2012,1,"Oud Gastel",4,7,2,6,7,7,6,2,7,6,6,7,3,6,5,3,5,7,3,7,7,6,1,4,7,7,3,3,3,5,6,2,2,2,7,1,1,NA,"6",1,1,1,1,1,NA,0,0,0,0,NA,"0",0,0,5,4,4,3,1,4,2,1,5,6,6,6,7,7,7,2,5,7,5,4,1,1,1,1,5,1,2,2,1,1,5,500,0,0,75,2,0,0,2,6,3,7,3,6,2,7,7,NA,NA,NA,NA,NA,NA,NA,NA,6,1,1,7,7,1,30,30,"Micro","Graphic, communication & digital design",NA
"125","architect/ vennoot","architectuur",3,26,2013,1,"OEGSTGEEST",7,3,5,2,5,5,2,1,7,1,7,1,1,4,5,4,4,6,5,5,5,6,2,6,3,2,2,2,2,2,7,1,1,1,1,1,1,NA,"7",1,1,1,1,1,NA,0,0,0,0,NA,"0",0,0,5,2,5,2,2,2,2,2,4,3,2,2,6,6,6,2,5,5,2,6,2,5,2,2,5,1,3,2,2,3,6,30,0,0,85,2,2,0,3,4,4,3,3,4,5,5,5,NA,NA,NA,NA,NA,NA,NA,NA,2,1,2,4,4,6,20,80000,"Micro","Architecture & urban planning",NA
"127","dga","vormgeving",11,9,2000,1,"Naarden",7,6,1,5,7,7,5,1,7,2,7,1,1,7,7,5,3,6,5,2,5,7,4,6,3,4,3,2,5,6,7,4,1,1,1,1,7,"lumpsum voor ontwikkelde concepten","7",1,1,1,1,1,NA,0,0,0,0,NA,"0",0,0,6,3,6,1,6,6,2,4,6,4,4,2,6,6,7,6,7,7,1,6,6,7,5,1,6,1,3,3,3,1,5,20,0,0,100,0,1,1,6,3,5,4,6,5,2,6,4,NA,NA,NA,NA,NA,NA,NA,NA,1,1,1,7,7,4,25,175000,"Small","Graphic, communication & digital design",NA
"128","eigenaar","interieur textiel ontwerp",1,1,1986,1,"Rotterdam",7,1,1,1,7,1,1,1,7,1,7,1,1,1,7,3,1,1,1,1,7,1,1,7,1,1,1,1,6,1,4,4,1,1,1,3,1,NA,"7",1,1,1,1,1,NA,0,0,0,0,NA,"0",0,0,1,1,1,5,1,1,1,4,5,7,1,4,7,7,7,5,1,4,1,7,7,2,4,1,7,1,4,4,7,7,7,1,70,0,NA,0,1,1,1,7,1,2,1,4,1,5,1,NA,NA,NA,NA,NA,NA,NA,NA,1,1,1,4,4,4,NA,NA,"Micro","Spatial design & interior architecture",NA
"129","Eigenaar","motion graphic design",3,3,1998,1,NA,7,5,1,6,7,7,2,1,7,2,7,2,1,3,6,6,4,5,7,6,4,6,2,5,4,3,2,2,6,3,7,2,1,1,2,1,1,NA,"7",1,1,1,1,1,NA,0,0,0,0,NA,"0",0,0,6,5,7,4,6,4,4,5,7,5,5,6,7,6,7,6,5,7,2,6,6,6,4,4,7,3,4,1,7,7,5,40,0,0,105,1,1,0,3,4,4,3,2,3,4,3,3,NA,NA,NA,NA,NA,NA,NA,NA,2,1,2,4,6,6,15,100,"Micro","Graphic, communication & digital design",NA
"133","DGA","communicatie",7,6,1998,1,"NL",4,6,5,1,7,7,2,1,7,4,7,2,2,6,6,6,5,6,4,4,4,4,2,6,5,2,6,3,3,4,7,1,2,1,1,3,1,NA,"7",1,1,1,1,1,NA,0,0,0,0,NA,"0",0,0,5,5,5,2,4,4,2,4,6,4,2,5,6,7,7,5,5,7,2,NA,NA,NA,NA,NA,NA,NA,NA,NA,NA,NA,NA,NA,NA,NA,NA,1,1,0,3,4,3,4,5,4,2,4,4,NA,NA,NA,NA,NA,NA,NA,NA,2,2,NA,NA,NA,NA,NA,NA,"Micro","Graphic, communication & digital design",NA
"134","Founder","Strategic Design",3,2,2015,1,"Amsterdam",5,3,5,7,7,2,3,1,7,1,5,6,1,3,6,6,3,6,7,5,5,6,1,7,1,1,1,1,7,5,7,1,1,1,4,1,7,NA,"7",1,1,1,1,1,"-99",0,0,0,0,-99,"0",0,0,7,5,6,2,5,5,5,4,6,3,4,6,6,7,6,7,6,7,4,6,6,7,4,4,2,4,6,5,5,2,6,10,NA,0,75,2,1,1,4,4,4,4,4,4,4,4,4,0,6,2,260,NA,40,NA,NA,NA,NA,NA,NA,NA,NA,NA,NA,"Micro","Mixed creative services & strategy",NA
"135","Founder","online gallery",2,1,2014,1,"Haarlem",7,5,2,2,6,5,5,6,6,7,7,2,1,4,7,5,6,6,6,4,7,3,6,6,2,7,2,1,7,1,7,6,7,5,6,1,1,NA,"7",1,1,1,1,1,NA,0,1,0,0,NA,"7",5,7,7,6,7,2,3,2,2,2,4,5,5,4,6,6,7,5,2,6,2,6,1,5,6,1,6,6,6,2,2,5,6,15,0,0,NA,1,0,0,1,5,3,5,2,2,2,5,6,NA,NA,NA,NA,NA,NA,NA,NA,3,1,1,7,6,6,30,20000,"Micro","Audiovisual services & animation",NA
"136","eigenaar","Signaleer (belettering)",1,15,2006,1,"Akkrum",7,7,3,2,5,7,4,6,6,6,7,3,5,6,7,7,5,6,7,6,7,5,7,5,5,7,6,1,4,7,5,3,6,1,6,4,7,"van halffabrikaten (ver-)nieuwe (nde) producten maken","7",2,1,1,1,1,NA,0,0,0,0,NA,"0",0,0,4,6,7,7,5,4,6,7,7,1,4,5,7,7,7,7,7,6,1,1,7,2,1,1,7,5,5,1,5,2,1,15,0,0,5350,0,1,1,7,5,6,6,6,4,6,4,4,NA,NA,NA,NA,NA,NA,NA,NA,6,1,7,6,1,6,39,1e+05,"Micro","Graphic, communication & digital design",NA
"137","Director","Museum exhibition design",7,6,2002,1,"Amsterdam",3,7,1,1,6,4,2,3,7,6,7,1,1,6,7,6,6,7,7,1,1,1,1,4,4,2,2,2,7,2,7,1,1,1,1,1,1,NA,"7",NA,NA,NA,NA,NA,NA,0,0,0,0,NA,"0",0,0,6,5,6,6,4,7,2,1,7,6,7,5,6,7,6,2,5,6,3,5,2,2,2,4,5,1,3,2,3,2,4,15,60,2,100,2,1,1,4,6,6,6,6,5,4,5,7,NA,NA,NA,NA,NA,NA,NA,NA,1,1,5,3,5,6,NA,NA,"Micro","Spatial design & interior architecture",NA
"138","Directeur","Design",7,55,2008,1,"Amsterdam",5,5,2,5,7,7,2,5,6,3,6,2,1,5,6,3,3,5,7,6,2,5,5,2,6,5,7,2,6,3,7,1,1,2,1,1,1,NA,"7",1,1,1,1,1,NA,0,0,0,0,NA,"0",0,0,6,5,7,7,5,6,5,6,6,5,5,5,5,5,7,6,5,6,4,6,4,5,4,2,7,6,4,1,7,7,6,5,10,1,100,3,2,1,2,5,2,3,4,5,3,6,4,NA,NA,NA,NA,NA,NA,NA,NA,3,1,1,7,6,4,NA,NA,"Micro","Graphic, communication & digital design",NA
"139","owner / creative","Communication and Design",1,4,2012,1,"Amsterdam",7,7,2,7,7,6,2,4,7,4,6,3,1,6,6,5,4,7,5,5,5,5,5,4,6,6,6,2,5,5,7,4,2,2,5,1,NA,NA,"7",NA,NA,NA,NA,NA,NA,0,0,0,0,NA,"0",0,0,6,4,6,5,4,6,4,5,7,4,5,5,6,7,7,6,4,6,5,4,6,5,2,5,5,2,5,2,5,6,6,36,10,1,100,3,3,3,4,5,4,4,4,6,4,5,4,NA,NA,NA,NA,NA,NA,NA,NA,5,6,1,6,6,6,15,50000,"Micro","Graphic, communication & digital design",NA
"140","Directeur","Grafisch",3,3,2004,1,"Almere",4,7,5,1,6,7,4,6,6,5,7,7,7,5,6,6,6,7,4,5,6,4,1,5,6,5,2,2,6,1,4,2,6,1,1,1,1,NA,"6",1,1,1,1,1,NA,0,0,0,0,0,"1",1,1,6,4,6,3,3,4,1,1,7,5,6,6,7,7,7,7,4,5,1,NA,NA,NA,NA,NA,NA,NA,NA,NA,NA,NA,NA,NA,NA,NA,NA,1,1,0,4,7,5,6,4,1,4,5,5,NA,NA,NA,NA,NA,NA,NA,NA,7,1,NA,NA,NA,NA,NA,NA,"Micro","Graphic, communication & digital design",NA
"141","eigenaar","tuin- en landschapsarchitect",1,0,1983,1,"Kockengen",6,6,4,1,7,7,6,4,6,5,7,3,4,5,7,3,4,6,6,2,1,7,4,5,6,6,3,1,3,6,6,1,6,1,5,1,1,NA,"7",4,1,1,1,1,NA,0,0,0,0,NA,"0",0,0,6,5,7,5,5,5,5,4,7,6,5,5,7,7,7,6,4,4,4,6,3,5,2,4,3,4,4,5,4,3,3,10,5,0,95,1,1,0,4,4,4,4,4,4,4,5,4,NA,NA,NA,NA,NA,NA,NA,NA,7,1,6,7,4,3,15,NA,"Micro","Architecture & urban planning",NA
"142","Eigenaar","Strategie en Creatie",2,2,2007,1,"Gorinchem",5,7,6,7,7,4,1,1,7,6,7,5,6,5,7,7,5,6,4,4,6,6,2,6,6,4,5,1,6,6,7,2,1,6,6,1,4,NA,"5",1,1,5,1,NA,NA,0,1,0,0,NA,"4",4,0,7,4,5,4,2,4,4,4,6,5,4,6,6,6,6,6,4,6,2,5,5,5,4,2,4,5,5,3,5,5,3,60,10,0,110,0,1,1,2,4,4,5,5,3,5,2,3,NA,NA,NA,NA,NA,NA,NA,NA,5,5,3,4,4,7,24,NA,"Micro","Mixed creative services & strategy",NA
"143","DGA","sign industry",36,34,1972,1,"Wormerveer",7,7,7,4,7,7,1,7,7,1,7,1,4,7,7,5,4,7,7,7,7,2,7,7,5,7,4,3,5,4,6,1,7,1,1,1,NA,NA,"7",1,1,1,1,NA,NA,0,0,0,0,NA,"0",0,0,6,6,6,6,5,7,6,6,7,5,6,7,6,6,7,6,6,6,4,5,4,4,4,2,5,2,3,3,4,2,3,155,2,3,NA,NA,NA,1,4,4,4,4,4,6,4,6,4,NA,NA,NA,NA,NA,NA,NA,NA,7,1,4,5,4,5,5,120,"Small","Graphic, communication & digital design",NA
"144","Strategy Director","Design Research & Service Design",11,97,2012,1,"Rotterdam",6,2,2,7,6,4,1,7,7,2,6,5,6,6,6,5,2,4,2,4,7,2,7,6,4,1,5,4,5,4,7,1,5,1,1,1,NA,NA,"7",1,3,1,1,NA,NA,0,1,0,0,NA,"7",1,1,3,4,7,3,2,6,6,7,6,4,1,5,4,6,4,5,2,5,3,4,5,6,3,5,5,4,6,1,6,4,6,30,87,0,100,4,1,2,2,4,4,3,5,4,3,4,5,NA,NA,NA,NA,NA,NA,NA,NA,1,5,1,2,5,5,83,60000,"Small","Mixed creative services & strategy",NA
"145","Owner","Architecture",4,4,2014,1,"Amsterdam",7,7,4,7,7,7,1,5,7,4,7,2,2,6,7,7,2,6,6,3,6,6,6,6,6,5,4,5,7,6,7,4,2,2,2,2,NA,NA,"7",1,5,1,1,1,NA,0,0,0,0,NA,"0",0,0,6,5,7,7,4,7,7,7,7,3,5,5,5,5,4,5,5,5,4,1,7,6,6,3,5,5,6,5,7,6,5,5,10,3,85,1,1,1,4,4,4,4,4,6,6,6,3,NA,NA,NA,NA,NA,NA,NA,NA,2,NA,5,3,5,7,10,5000,"Micro","Architecture & urban planning",NA
"147","Eigenaar","Zakelijke fotografie",2,12,2000,1,"Vinkeveen",6,6,6,4,6,6,4,6,6,6,6,6,2,4,6,5,4,6,6,6,6,6,6,6,6,4,5,5,5,2,6,6,6,6,4,2,4,NA,"6",2,1,1,1,NA,NA,0,0,0,0,NA,"0",0,0,6,6,6,7,6,6,4,4,6,1,1,5,7,7,7,4,6,4,1,NA,NA,NA,NA,NA,NA,NA,NA,NA,NA,NA,NA,NA,NA,NA,NA,NA,NA,NA,5,2,5,4,3,5,3,6,3,NA,NA,NA,NA,NA,NA,NA,NA,6,2,NA,NA,NA,NA,NA,NA,"Micro","Audiovisual services & animation",NA
"148","mede eigenaar","IT",2,NA,2017,1,"thuis",4,7,2,5,6,7,5,2,7,1,7,7,4,7,7,7,7,7,7,7,7,7,4,7,5,1,5,4,7,7,7,1,7,5,1,3,NA,NA,"7",1,1,1,1,7,"uitkering (Wajong)",0,0,0,0,NA,"5",6,7,3,6,7,5,7,7,5,6,7,5,4,7,7,7,6,7,7,7,2,6,2,7,6,6,7,6,7,2,1,7,7,12,0,0,30,1,2,2,7,7,5,5,4,6,4,5,5,NA,NA,NA,NA,NA,NA,NA,NA,4,6,1,7,5,3,0,3000,"Micro","Advertisement & marketing",NA
"149","architect eigenaar","particuliere woningbouw",8,72,2010,2,"Niekerk en Arnhem",4,7,6,5,7,7,4,2,7,6,7,6,3,6,5,5,6,5,6,2,4,7,4,6,5,4,6,1,5,4,7,2,1,1,2,2,NA,NA,"7",1,1,1,1,NA,NA,0,0,0,0,NA,"0",0,0,6,5,6,6,6,6,5,3,7,5,5,6,6,5,6,6,6,5,5,6,6,6,6,6,7,5,5,5,7,6,7,25,5,1,75,2,2,1,5,5,5,5,4,4,4,5,6,NA,NA,NA,NA,NA,NA,NA,NA,5,1,6,6,6,7,NA,37,"Micro","Architecture & urban planning",NA
"150","CEO","Fashion",10,10,2015,2,"AMSTERDAM EN CAPE TOWN",1,7,1,1,1,7,7,7,7,1,1,1,1,7,7,4,4,7,7,4,7,7,1,4,7,4,4,1,1,1,1,1,7,1,1,1,1,NA,"7",1,1,1,1,1,NA,0,0,0,0,NA,"7",0,0,7,4,4,7,7,4,7,7,7,7,7,7,7,4,7,4,7,7,4,7,4,7,7,4,7,4,7,4,4,7,7,NA,30,1,NA,2,1,1,4,4,4,4,4,4,7,7,4,NA,NA,NA,NA,NA,NA,NA,NA,1,1,1,7,7,4,NA,1e+05,"Small","Products",NA
"151","commercieel directeur","media-advies",128,NA,1999,1,"Hoorn",7,7,7,7,5,7,7,4,7,7,7,4,1,6,4,5,7,6,4,6,3,7,1,7,3,6,1,1,1,1,2,1,1,2,6,4,1,NA,"7",1,1,1,1,1,NA,0,0,0,0,NA,"0",0,0,6,4,1,2,1,1,2,4,4,7,2,6,6,6,7,6,6,7,2,6,5,4,5,1,6,7,2,1,7,6,4,NA,NA,NA,NA,9,0,0,4,7,6,7,7,7,4,7,6,NA,NA,NA,NA,NA,NA,NA,NA,7,1,1,4,7,5,NA,NA,"Medium","Advertisement & marketing",NA
"152","eigenaar","ontwerpen en verkopen t-shirts met surf-designs",2,1,2017,1,"amsterdam",5,1,5,1,1,2,6,5,3,1,3,1,1,6,6,3,2,5,7,2,2,7,1,3,2,5,1,1,5,5,1,1,7,1,1,1,1,NA,"7",1,1,1,1,7,"spaargeld",0,0,0,0,NA,"0",0,0,5,1,3,1,1,1,1,1,7,7,2,7,5,1,7,6,6,4,1,4,4,4,4,7,1,6,4,4,4,4,4,NA,NA,NA,NA,2,1,1,4,4,4,4,4,4,4,4,4,NA,NA,NA,NA,NA,NA,NA,NA,3,1,1,7,4,4,NA,NA,"Micro","Products",NA
"154","Managing Director","media",4,4,2004,1,"Amsterdam",7,7,7,5,7,7,7,7,7,2,7,7,1,7,6,6,7,7,7,4,7,7,2,7,1,5,5,1,7,7,6,6,7,4,1,1,1,NA,"6",6,6,6,1,1,NA,1,1,0,0,NA,"7",2,3,7,5,7,7,3,7,7,7,7,1,3,7,7,7,7,7,7,7,3,7,6,7,1,1,7,7,7,6,7,7,7,5,5000,4,350,1,2,2,1,4,4,1,1,4,1,6,1,NA,NA,NA,NA,NA,NA,NA,NA,1,1,1,4,1,7,60,NA,"Micro","Advertisement & marketing",NA
"155","Director","Experience design",20,16,1998,2,"Amsterdam and Shanghai",5,6,6,4,7,5,1,1,7,5,7,2,3,6,6,6,2,2,6,3,6,2,6,5,6,7,2,2,3,2,6,2,1,2,4,2,-99,"-99","6",2,1,1,4,-99,"-99",3,1,1,0,-99,"2",2,7,6,4,7,7,3,7,7,7,6,6,4,4,6,6,6,3,5,4,3,4,5,6,5,5,4,2,5,4,3,2,1,12,80,4,100,2,2,2,4,4,4,4,3,4,6,4,6,1,6,1,2,5,200,11,5,NA,NA,NA,NA,NA,NA,NA,NA,"Small","Mixed creative services & strategy",NA
"156","Partner","Digital advertising and solutions",18,18,2009,1,"Amsterdam",7,7,7,5,7,7,6,7,7,2,7,6,5,6,6,7,2,5,5,6,7,7,2,6,2,5,2,4,5,4,7,2,5,2,2,2,2,NA,"7",6,1,1,1,1,NA,1,2,0,0,NA,"7",5,7,7,6,7,6,6,6,5,4,6,5,4,7,6,7,7,6,6,6,4,7,6,6,3,3,7,3,5,7,4,5,6,40,25,10,100,2,1,1,4,2,4,4,4,6,5,4,6,NA,NA,NA,NA,NA,NA,NA,NA,2,5,5,6,5,4,15,70000,"Small","Advertisement & marketing",NA
"157","eigenaar-directeur","sfeer maken",3,25,1993,1,"Hedel",5,6,4,3,7,6,4,7,6,3,7,1,2,7,7,7,6,7,6,2,6,2,5,6,1,7,5,5,4,6,5,7,2,2,2,1,7,"performance op evenementvloer","7",1,1,2,1,1,NA,0,0,0,0,NA,"0",0,0,7,4,7,7,7,6,6,4,6,6,4,7,6,7,6,7,6,7,4,6,4,7,6,3,6,2,5,7,7,6,6,12,2,0,48,1,1,2,4,4,6,7,6,6,4,6,6,NA,NA,NA,NA,NA,NA,NA,NA,1,1,1,7,4,5,50,75,"Micro","Spatial design & interior architecture",NA
"158","Directeur","Communicatie",16,12,1974,1,"Oudorp",4,6,6,7,7,7,6,5,7,7,7,6,6,2,6,6,2,7,2,6,7,6,4,7,4,4,4,2,6,2,7,1,5,6,6,1,1,NA,"7",1,1,1,1,1,NA,0,0,0,0,NA,"0",0,0,6,5,6,5,5,4,6,6,6,3,3,3,6,6,6,6,6,6,3,7,6,6,3,2,4,2,5,6,1,3,5,400,0,0,90,2,1,1,3,4,3,2,4,4,4,4,4,NA,NA,NA,NA,NA,NA,NA,NA,7,1,5,5,6,6,NA,NA,"Small","Graphic, communication & digital design",NA
"161","Eigenaar","Retail",3,NA,2008,1,"Amsterdam",5,6,4,2,5,2,6,6,4,2,4,1,1,4,6,5,2,6,4,3,4,7,2,4,5,6,2,2,5,4,5,2,7,1,1,1,NA,NA,"6",3,1,4,1,NA,NA,0,0,0,0,NA,"0",0,0,4,4,5,6,5,6,6,5,6,6,5,6,7,4,6,5,4,5,4,5,6,6,3,4,6,4,4,4,4,3,6,3,1,1,NA,NA,2,NA,3,3,3,4,4,4,4,5,3,NA,NA,NA,NA,NA,NA,NA,NA,2,1,2,6,6,4,NA,NA,"Micro","Advertisement & marketing",NA
"162","eigenaar","Additive Manufacturing",2,2,2010,1,"Harlingen",5,6,6,7,7,7,7,6,6,6,7,7,4,5,6,6,4,6,6,6,6,4,4,6,4,5,4,4,6,4,6,1,6,1,6,5,1,NA,"7",1,1,1,1,1,NA,1,0,0,0,NA,"7",4,7,6,6,6,6,6,6,6,6,6,6,6,6,6,6,6,6,6,6,5,NA,NA,NA,NA,NA,NA,NA,NA,NA,NA,NA,NA,NA,NA,NA,NA,2,2,NA,4,4,4,4,4,4,4,6,6,NA,NA,NA,NA,NA,NA,NA,NA,6,1,NA,NA,NA,NA,NA,NA,"Micro","Products",NA
"163","Directeur / Eigenaar","Positionering en campagnes",6,6,2006,1,"Lieshout en per 01-06 Eindhoven",4,6,2,5,6,5,5,4,6,2,7,6,2,6,6,5,3,4,2,7,6,4,4,6,6,6,3,1,4,6,7,1,4,1,5,3,1,NA,"6",1,1,1,1,1,NA,1,1,0,0,NA,"1",5,1,6,4,6,5,7,4,2,2,6,5,5,7,6,7,6,6,6,7,6,6,3,5,2,2,5,4,5,5,2,4,3,600,1,0,90,NA,NA,1,4,4,3,4,4,4,3,4,3,NA,NA,NA,NA,NA,NA,NA,NA,4,2,3,4,4,7,60,100,"Micro","Advertisement & marketing",NA
"164","directeur/eigenaar","head design",3,37,1985,1,"Enschede",1,1,5,1,5,7,7,7,1,1,1,1,1,6,7,5,3,6,7,1,7,7,1,5,5,6,6,1,4,1,1,1,7,1,1,1,1,NA,"7",1,1,1,1,1,NA,0,0,0,0,NA,"0",0,0,7,1,1,7,5,7,1,4,7,7,7,7,7,4,7,7,6,7,4,7,1,7,2,1,1,1,1,7,1,1,7,NA,NA,NA,NA,0,1,1,2,1,1,4,2,4,1,4,4,NA,NA,NA,NA,NA,NA,NA,NA,7,1,4,7,4,7,NA,NA,"Micro","Products",NA
"167","CEO","Design",2,NA,2016,1,"Rotterdam",5,7,5,6,7,6,5,7,7,4,7,7,2,4,7,7,5,7,7,3,6,6,2,5,7,5,6,5,7,6,5,6,6,2,6,6,1,NA,"6",4,4,1,1,1,NA,0,0,0,0,NA,"0",0,0,7,7,5,6,5,7,7,7,7,4,3,7,7,7,7,6,7,4,4,5,4,7,6,3,4,3,4,4,3,4,4,2,0,1,45,NA,2,NA,4,6,2,4,4,4,6,7,3,NA,NA,NA,NA,NA,NA,NA,NA,1,4,1,6,4,6,20,NA,"Micro","Spatial design & interior architecture",NA
"169","owner","design",0,3,2016,1,"eindhoven",3,7,2,7,7,6,1,7,7,7,7,7,1,6,4,7,2,7,6,4,6,2,4,7,7,7,2,2,7,7,7,5,2,1,7,1,1,NA,"7",1,5,3,1,1,NA,0,0,0,0,NA,"0",0,0,7,7,7,5,7,5,7,5,7,5,3,7,7,7,7,7,5,7,5,5,6,6,2,2,5,2,4,2,5,6,5,3,100,0,45,0,1,0,4,4,4,4,4,7,7,6,7,NA,NA,NA,NA,NA,NA,NA,NA,2,1,1,6,6,5,10,NA,"Micro","Mixed creative services & strategy",NA
"171","Smeltmeester","makersplaats",5,3,2014,1,"Nijmegen",7,7,7,7,7,6,6,5,6,7,7,6,4,6,7,7,6,7,7,7,7,7,7,6,6,5,5,5,5,4,5,1,6,7,1,1,7,"verhuur ruimtes","7",1,4,6,1,5,"externe verhuur",1,1,0,0,NA,"4",7,2,6,6,6,5,5,6,6,5,7,4,3,5,5,6,6,7,5,6,3,6,7,7,4,2,7,5,5,5,7,3,6,20,2,2,NA,2,3,3,4,4,4,4,6,6,6,6,4,NA,NA,NA,NA,NA,NA,NA,NA,7,1,7,5,6,5,NA,NA,"Micro","Mixed creative services & strategy",NA
"172","directeur/eigenaar","Concept & Art-Direction",1,1,1992,1,"Overbetuwe",4,7,4,6,7,7,4,7,7,5,6,5,1,7,7,7,7,7,7,7,7,4,6,7,7,7,7,3,5,1,7,1,2,1,4,2,1,NA,"7",1,1,1,1,1,NA,0,0,0,0,NA,"0",0,0,1,5,6,1,1,5,7,3,7,6,4,1,7,7,7,7,7,7,1,7,4,6,6,4,6,4,6,3,2,6,7,50,125,0,125,NA,1,NA,2,4,4,4,4,2,2,4,2,NA,NA,NA,NA,NA,NA,NA,NA,2,5,1,7,3,1,75,150,"Micro","Mixed creative services & strategy",NA
"174","Eigenaar","3D objecten produceren",8,7,2012,1,"Emmen",6,5,7,1,5,7,6,6,6,1,7,3,1,5,7,5,6,6,2,6,7,1,3,6,3,5,2,1,6,3,2,1,7,1,3,1,1,NA,"7",1,1,1,1,1,NA,1,1,1,0,NA,"7",3,6,6,4,7,7,3,5,6,6,7,6,7,5,7,6,6,5,6,6,6,6,5,7,5,6,7,2,6,5,6,6,5,250,5,0,75,1,1,1,3,2,6,5,6,7,3,6,7,NA,NA,NA,NA,NA,NA,NA,NA,3,1,1,6,7,6,60,1e+05,"Micro","Products",NA
"175","Director","Visuele Communicatie",10,10,1999,1,"Den Haag",7,7,4,5,7,5,3,6,7,4,5,7,5,5,7,7,6,7,3,7,7,1,4,7,3,5,7,3,6,5,7,7,6,3,4,1,1,"none","7",2,1,1,1,1,"none",1,0,0,0,NA,"0",0,0,6,6,5,6,5,7,5,4,7,5,5,5,6,7,7,6,2,7,5,7,4,6,3,5,2,1,4,2,1,2,6,100,5,0,100,1,3,1,6,5,6,5,5,6,7,6,6,NA,NA,NA,NA,NA,NA,NA,NA,4,2,1,7,7,3,55,80,"Small","Graphic, communication & digital design",NA
"177","Eigenaar (eenmanszaak)","Merkstrategie & branding",1,1,2017,1,"Rotterdam",5,6,2,7,7,5,2,2,7,1,5,6,1,5,6,6,1,6,5,5,7,1,1,5,3,1,3,3,5,2,6,1,4,1,1,1,1,NA,"7",1,1,1,1,1,NA,0,0,0,0,NA,"0",0,0,1,4,2,1,6,2,4,3,6,5,2,7,7,7,7,6,1,5,1,6,6,6,5,3,7,3,3,4,6,2,6,5,0,0,95,0,NA,NA,5,4,6,1,6,5,3,5,3,NA,NA,NA,NA,NA,NA,NA,NA,1,5,6,6,5,2,NA,50000,"Micro","Mixed creative services & strategy",NA
"178","creative director","film production",4,4,2012,1,"Amsterdam",5,6,3,6,7,7,6,7,7,4,7,5,3,7,7,7,5,7,3,5,2,7,3,6,5,6,3,2,2,2,3,2,7,3,5,1,4,NA,"7",1,3,1,3,4,NA,1,1,0,0,NA,"2",2,4,6,7,7,7,7,6,7,6,6,6,6,7,7,6,6,7,7,6,3,6,3,7,1,5,6,4,7,3,6,2,6,25,15,10,NA,1,1,1,2,6,4,4,4,4,4,4,4,NA,NA,NA,NA,NA,NA,NA,NA,2,5,1,7,3,5,15,NA,"Micro","Products",NA
"179","Eigenaar / grafisch ontwerper","Book design",2,2,2007,1,"Den Bosch",7,4,1,5,7,7,1,7,5,1,7,4,1,7,7,6,3,6,7,4,7,1,1,6,2,2,3,1,1,1,6,1,7,2,3,1,-99,"-99","7",1,1,1,1,-99,"-99",1,0,0,0,-99,"7",1,0,1,5,7,7,5,5,2,1,7,6,4,6,7,7,7,7,5,5,1,7,7,6,4,7,4,7,7,6,6,7,5,-99,-99,-99,-99,-99,-99,-99,4,4,2,4,4,5,2,4,6,0,1,1,-99,-99,-99,-99,-99,NA,NA,NA,NA,NA,NA,NA,NA,"Micro","Graphic, communication & digital design",NA
"180","eigenaar","Strategisch creatief!",5,4,2011,1,"Enschede",5,6,7,6,6,6,6,1,7,1,6,3,3,5,5,4,4,5,5,5,6,3,4,5,5,5,5,1,3,5,7,1,4,2,1,1,1,NA,"7",1,1,1,1,1,NA,0,0,0,0,NA,"0",0,0,6,5,5,4,5,6,5,5,7,5,2,5,4,7,4,5,6,7,1,5,5,5,6,4,7,2,4,5,6,6,6,100,0,0,100,1,1,1,2,6,3,6,6,4,2,5,5,NA,NA,NA,NA,NA,NA,NA,NA,7,1,4,4,2,5,80,40000,"Micro","Mixed creative services & strategy",NA
"181","Director","Product innovation",32,27,1992,2,"Rotterdam and Recife (Brazil)",1,5,6,5,7,6,2,2,7,4,7,7,2,5,6,5,3,6,6,2,6,5,3,6,5,6,2,2,6,3,7,3,1,1,1,1,2,NA,"7",2,3,1,1,-99,"-99",1,2,0,0,-99,"4",1,1,6,7,7,7,6,7,3,6,6,4,5,7,7,7,7,6,6,4,2,2,2,6,1,6,3,3,2,6,2,2,5,-99,-99,24,-99,3,-99,-99,5,5,6,5,4,6,5,6,5,1,7,1,-99,-99,-99,-99,-99,NA,NA,NA,NA,NA,NA,NA,NA,"Small","Products",NA
"182","Mede Eigenaar","Filmproducties van A tot Z",3,3,2015,1,"Doetinchem",6,5,2,5,7,7,5,6,6,5,6,5,4,4,4,5,5,5,3,3,5,3,4,5,5,2,2,5,4,3,3,2,3,4,4,1,1,NA,"6",2,2,1,1,1,NA,0,0,0,0,NA,"0",0,0,6,4,6,4,5,4,5,3,4,6,5,5,6,6,6,5,5,5,5,5,5,5,4,5,5,5,4,6,2,3,5,30,0,0,90,2,0,0,6,5,6,4,4,6,4,4,5,NA,NA,NA,NA,NA,NA,NA,NA,5,4,2,6,5,5,50,0,"Micro","Products",NA
"183","Creatief directeur","communicatiecampagnes en -middelen",1,1,1996,1,"Utrecht",7,7,4,5,7,7,4,7,7,1,7,5,2,7,7,5,6,7,7,1,7,4,4,6,6,7,1,1,4,1,7,2,3,2,5,3,NA,NA,"7",1,2,1,1,NA,NA,0,0,0,0,NA,"0",0,0,1,6,6,4,1,4,4,5,7,2,4,4,7,7,7,6,6,5,1,2,6,5,6,1,5,4,4,1,6,1,2,60,0,0,100,0,1,0,4,6,5,4,7,4,2,7,4,NA,NA,NA,NA,NA,NA,NA,NA,5,1,1,5,7,1,15,100,"Micro","Graphic, communication & digital design",NA
"184","eigenaar - art director","communicatieoplossingen",4,4,1997,1,"rijpwetering",6,5,2,2,7,7,2,2,7,4,7,2,2,7,7,6,6,7,5,7,6,4,1,6,6,4,4,4,4,4,7,1,1,1,6,4,NA,NA,"7",5,1,1,2,NA,NA,0,0,0,0,NA,"0",0,0,7,4,7,4,4,6,1,6,7,6,5,5,7,7,7,6,6,5,4,NA,NA,NA,NA,NA,NA,NA,NA,NA,NA,NA,NA,NA,NA,NA,NA,0,1,0,4,4,4,4,3,6,4,5,5,NA,NA,NA,NA,NA,NA,NA,NA,5,1,NA,NA,NA,NA,NA,NA,"Micro","Graphic, communication & digital design",NA
"186","directeur/eigenaar","packaging design",12,10,2003,1,"Amsterdam",7,1,1,4,7,7,1,1,7,3,7,5,1,5,6,7,3,6,1,1,3,7,1,6,5,2,5,1,5,1,7,2,1,1,1,1,-99,"-99","7",1,1,1,1,-99,"-99",0,2,0,0,-99,"-99",7,-99,6,5,7,7,6,7,4,4,6,3,4,3,6,7,6,6,1,1,1,7,7,7,7,1,5,5,1,1,7,6,6,4,50,5,135,0,1,1,6,4,5,5,6,6,2,6,2,0,1,1,2,0,450,0,0,NA,NA,NA,NA,NA,NA,NA,NA,"Small","Graphic, communication & digital design",NA
"187","MD","Marketing communications",22,19,1997,2,"Amsterdam, Brussels",5,7,7,7,7,7,2,6,7,2,6,2,2,6,6,2,2,6,7,2,2,7,7,6,6,6,5,5,6,6,7,1,6,2,6,1,1,NA,"6",2,2,2,1,1,NA,2,2,0,0,NA,"5",1,6,7,5,7,7,2,7,5,7,7,5,7,7,7,7,6,7,7,5,5,6,4,6,2,6,6,2,6,6,2,6,6,300,20,0,125,5,1,2,4,4,4,2,4,4,2,4,6,NA,NA,NA,NA,NA,NA,NA,NA,6,5,4,6,2,3,15,95,"Small","Graphic, communication & digital design",NA
"188","founder","open innovation, projectmanagement, process facilitation, research",2,16,2013,1,"amsterdam",1,6,6,7,5,6,2,1,7,1,7,5,1,6,6,7,2,7,5,4,5,1,7,5,5,3,1,1,7,1,7,1,1,1,1,1,1,"-99","7",1,7,1,1,1,"-99",0,0,0,0,-99,"0",0,0,7,7,7,3,5,7,7,7,7,6,2,6,7,7,6,7,5,5,2,6,1,5,1,5,5,3,5,1,1,1,7,4,2,0,65,NA,5,5,4,4,3,2,4,5,3,7,3,0,5,1,35,217,29000,-99,20,NA,NA,NA,NA,NA,NA,NA,NA,"Micro","Architecture & urban planning",NA
"189","creative director","communicatie ontwerp",2,2,1991,1,"Amsterdam",5,7,4,7,7,6,4,3,7,2,7,7,2,6,7,5,3,5,6,7,7,2,4,7,4,5,5,1,3,2,6,1,1,1,3,1,-99,"-99","7",1,1,1,1,1,"-99",0,0,0,1,NA,"4",1,4,6,4,6,4,4,5,6,4,4,7,5,6,5,5,6,5,6,6,3,2,4,3,3,3,3,5,2,2,5,4,5,5,0,1,85,2,2,1,1,5,1,4,1,4,5,6,3,0,5,1,65,0,30,NA,10,NA,NA,NA,NA,NA,NA,NA,NA,"Micro","Graphic, communication & digital design",NA
"190","directeur / eigenaar","branding",2,2,1991,1,"Amsterdam",6,7,4,4,7,5,4,4,7,6,7,6,2,5,6,5,4,5,4,1,7,1,3,6,5,5,4,1,5,4,7,1,1,1,4,1,1,NA,"7",1,1,1,1,1,NA,0,0,0,0,NA,"0",0,0,5,5,3,4,6,5,5,5,4,5,3,4,5,7,5,3,5,6,1,7,7,5,6,2,6,6,5,1,6,6,3,10,20,1,80,1,2,1,1,6,3,6,6,4,4,4,2,NA,NA,NA,NA,NA,NA,NA,NA,6,1,5,5,7,7,5,NA,"Micro","Advertisement & marketing",NA
"191","Operational Manager","Field Marketing",40,36,1996,1,"Amstelveen",2,6,7,2,6,7,7,3,7,7,6,7,3,7,6,6,2,7,6,6,6,6,2,6,6,6,6,1,7,3,7,1,5,2,5,1,1,NA,"7",2,1,1,1,1,NA,2,0,0,0,NA,"7",2,6,6,6,2,2,5,5,2,2,6,6,7,7,7,7,7,6,5,6,1,5,4,5,2,2,5,6,2,4,5,6,5,10,5,1,23,1,1,2,5,3,3,4,4,7,6,7,5,NA,NA,NA,NA,NA,NA,NA,NA,7,1,2,6,6,5,NA,NA,"Small","Advertisement & marketing",NA
"193","eigenaar","kantoorinrichting",2,2,2006,1,"assen",4,7,1,4,7,7,7,2,4,4,7,7,1,6,6,7,4,7,5,5,7,4,7,7,1,7,4,1,3,3,2,1,7,1,3,1,1,NA,"7",1,1,1,1,1,NA,0,0,0,0,NA,"0",0,0,7,7,7,5,4,7,5,5,5,7,7,7,7,7,7,7,7,7,2,1,4,4,3,7,1,1,2,3,1,5,5,6,1,0,4750,1,1,1,5,4,6,7,1,7,5,7,5,NA,NA,NA,NA,NA,NA,NA,NA,4,1,1,7,7,5,30,350000,"Micro","Spatial design & interior architecture",NA
"194","co-owner","product-design",2,2,2007,1,"Amsterdam",2,6,4,6,6,7,4,3,5,3,6,3,2,5,5,6,3,5,5,5,4,4,3,5,4,4,4,2,3,3,4,6,4,3,5,2,4,NA,"6",3,4,1,1,4,NA,10,90,0,0,NA,"5",4,5,6,4,6,5,5,5,5,5,7,5,5,5,6,5,4,6,4,4,5,3,3,3,2,5,5,3,4,4,4,3,4,6,95,3,0,2,2,2,3,3,4,4,4,4,3,4,5,NA,NA,NA,NA,NA,NA,NA,NA,2,2,2,4,4,5,40,0,"Micro","Products",NA
"196","Account","Reclame",12,12,2001,1,"Breda",7,7,7,6,7,7,6,6,7,4,7,7,5,7,7,4,7,7,6,6,5,7,3,7,2,3,2,2,3,3,7,2,1,2,2,1,1,NA,"7",1,1,1,1,1,NA,0,0,0,0,NA,"0",0,0,7,6,6,7,4,4,6,3,7,7,5,7,7,7,7,6,6,7,6,7,4,5,4,1,4,7,7,7,4,4,4,1200,5,0,75,2,1,1,4,6,4,7,6,7,4,7,6,NA,NA,NA,NA,NA,NA,NA,NA,4,1,1,4,4,1,25,1e+05,"Small","Advertisement & marketing",NA
"197","directeur","digital, brand, content design",24,21,1986,1,"Maastricht",7,7,6,7,7,7,4,2,7,1,7,5,5,7,7,7,1,7,2,2,7,4,4,7,7,2,2,1,6,1,7,1,1,3,7,3,1,NA,"7",1,1,1,1,1,NA,0,0,0,0,NA,"0",0,0,7,6,7,7,7,4,5,5,7,4,2,3,7,7,7,7,7,6,2,7,6,7,6,4,7,5,6,6,4,7,7,100,2,10,100,3,1,1,4,2,4,2,4,7,4,7,5,NA,NA,NA,NA,NA,NA,NA,NA,7,1,2,7,4,7,7,100,"Small","Graphic, communication & digital design",NA
"198","creatief directeur","Grafisch en ruimtelijk ontwerp",8,65,1998,1,"utrecht",2,7,2,6,7,7,3,2,7,6,7,1,1,6,7,7,2,7,7,2,7,7,2,7,7,5,7,2,6,7,7,1,1,1,2,1,1,NA,"7",1,6,2,1,1,NA,0,0,0,0,NA,"0",0,0,7,4,7,6,7,4,7,4,6,4,4,1,7,6,7,7,7,7,1,2,7,6,4,6,7,4,6,6,6,6,4,25,25,5,80,2,2,1,3,4,4,3,3,6,4,6,4,NA,NA,NA,NA,NA,NA,NA,NA,6,1,2,6,5,7,NA,85000,"Micro","Graphic, communication & digital design",NA
"199","dga","Verbinden van lezers",7,3,1998,1,"Drunen",6,7,5,4,4,5,5,6,4,7,6,5,1,7,7,6,6,7,6,3,7,3,4,5,5,6,3,2,6,6,4,1,1,4,3,1,7,"advertentie verkoop","7",2,1,1,1,1,NA,0,0,0,0,NA,"0",0,0,6,7,7,4,4,7,6,6,6,6,5,7,7,7,7,7,7,7,4,3,2,3,4,2,7,1,7,2,4,1,6,6,10,0,NA,1,3,1,7,5,7,7,7,7,7,7,7,NA,NA,NA,NA,NA,NA,NA,NA,2,2,1,7,1,6,30,350,"Micro","Mixed creative services & strategy",NA
"200","Partner/Creative director","Design",17,12,2008,1,"Den Haag",7,7,7,7,7,6,2,7,7,4,7,1,2,6,7,7,2,4,7,6,7,4,6,7,4,4,2,1,4,2,7,1,7,4,7,5,1,NA,"7",1,1,1,1,1,NA,0,0,0,0,NA,"0",0,0,7,7,7,7,6,5,6,5,7,4,4,4,5,7,7,6,6,7,6,6,7,7,6,7,2,7,6,7,2,7,7,30,2,30,100,2,1,1,4,5,4,5,5,4,3,4,4,NA,NA,NA,NA,NA,NA,NA,NA,2,1,1,1,7,4,20,70000,"Small","Mixed creative services & strategy",NA
"202","eigenaar","grafisch ontwerpen",1,1,2010,1,"Dieren",7,3,1,3,5,6,1,7,7,1,7,2,2,3,6,3,5,7,3,5,7,7,3,7,7,2,2,1,3,1,7,1,1,1,1,1,1,NA,"7",5,1,1,1,1,NA,0,0,0,0,NA,"0",0,0,1,2,7,7,2,4,2,4,7,6,5,2,7,7,7,1,4,4,1,3,1,1,1,7,1,1,1,7,2,3,1,20,0,0,70,0,0,0,1,4,4,4,4,2,4,6,4,NA,NA,NA,NA,NA,NA,NA,NA,1,1,1,7,4,3,NA,NA,"Micro","Graphic, communication & digital design",NA
"203","Directeur/partner","Grafisch ontwerp",8,6,2008,1,"Amsterdam",7,6,2,6,7,5,5,1,7,4,7,2,4,7,7,7,7,7,4,4,7,7,7,5,5,2,5,1,4,1,7,1,1,1,4,1,1,NA,"7",1,1,1,1,1,NA,0,0,0,0,NA,"0",0,0,7,6,7,7,1,6,6,7,7,7,6,6,6,6,6,7,6,7,4,7,7,7,2,7,7,6,2,1,7,4,7,NA,NA,NA,NA,3,3,0,4,3,3,5,4,5,4,5,7,NA,NA,NA,NA,NA,NA,NA,NA,6,1,1,7,4,1,NA,NA,"Micro","Graphic, communication & digital design",NA
"204","Neurowetenschapper/DGA","Marketing, communicatie, conceptontwikkeling, trainingen",21,16,2009,4,"Eindhoven, Amsterdam, Antwerpen, London",4,1,1,1,1,2,1,3,1,1,1,1,3,1,1,1,4,2,1,1,1,4,2,2,6,5,3,7,1,1,1,3,5,2,3,6,2,"White label services","1",2,7,7,3,1,NA,3,0,1,0,NA,"6",4,4,7,7,7,6,3,5,5,6,7,7,7,7,7,7,6,6,7,7,5,7,3,5,5,1,1,4,5,2,4,1,6,150,30,NA,7821,1,1,1,7,3,7,7,6,7,6,6,5,NA,NA,NA,NA,NA,NA,NA,NA,1,2,1,7,4,2,NA,NA,"Small","Graphic, communication & digital design",NA
"205","Eigenaar","Merkstrategie en verhuur van inspirerende locaties",5,3,2011,2,"amsterdam",7,6,2,4,7,6,6,1,7,1,7,7,1,7,7,5,4,7,7,5,7,7,6,7,7,7,6,2,7,1,7,1,7,1,3,1,1,NA,"7",1,1,1,1,1,NA,0,0,0,0,NA,"0",0,0,6,6,6,6,5,6,7,7,7,4,4,4,7,7,7,6,4,7,2,6,6,6,2,3,7,2,6,2,7,5,7,30,20,0,110,1,1,2,5,4,4,4,3,4,4,5,3,NA,NA,NA,NA,NA,NA,NA,NA,1,1,4,7,7,7,NA,NA,"Micro","Mixed creative services & strategy",NA
"206","Directeur","Mediainkoop",8,6,2009,2,"Amsterdam",1,1,3,5,4,3,6,4,7,7,7,6,2,5,7,5,5,5,1,6,6,6,7,6,5,4,3,1,5,3,4,2,5,3,6,6,1,NA,"5",1,1,1,1,1,NA,0,0,0,0,NA,"0",0,0,7,6,4,1,1,5,5,5,7,6,6,6,7,7,7,7,6,7,4,3,2,2,1,1,3,1,6,1,6,3,5,15,15,0,115,0,0,0,6,5,6,5,6,4,4,4,3,NA,NA,NA,NA,NA,NA,NA,NA,6,1,1,6,5,2,25,NA,"Micro","Advertisement & marketing",NA
"207","Directeur eigenaar","Corporate design",7,5,1963,1,"rotterdam",1,7,1,5,7,7,1,1,7,5,7,5,1,7,7,5,5,7,4,7,7,5,4,5,5,5,6,1,5,5,7,1,1,2,5,1,NA,NA,"7",1,1,1,1,NA,NA,0,0,0,0,NA,"0",0,0,6,2,7,2,7,6,2,2,7,5,2,5,7,7,7,6,6,5,3,6,1,6,1,5,1,1,4,6,1,1,6,6,0,1,110,0,0,0,2,5,2,2,5,6,3,6,4,NA,NA,NA,NA,NA,NA,NA,NA,5,1,1,7,4,5,NA,130000,"Micro","Graphic, communication & digital design",NA
"208","ontwerper mede eigenaar","interieur ontwerp",2,2,2007,1,"Arnhem",7,7,5,7,7,5,1,3,7,7,7,6,1,7,7,7,7,7,7,7,7,7,5,6,6,7,7,2,7,7,7,1,1,1,1,2,1,NA,"7",1,1,1,1,1,NA,0,0,0,0,NA,"0",0,0,5,4,7,6,4,3,6,6,7,6,1,4,7,7,7,2,5,7,2,7,2,7,2,7,6,6,6,6,5,2,7,10,0,0,100,2,2,1,7,4,5,7,6,6,4,7,4,NA,NA,NA,NA,NA,NA,NA,NA,1,1,2,7,7,4,0,80,"Micro","Spatial design & interior architecture",NA
"209","Founder","Animation and Visual Effects",4,4,2014,1,"Haarlem",7,7,5,4,7,7,1,4,7,1,7,2,2,5,5,5,6,6,5,5,6,6,6,7,5,5,6,2,2,2,7,1,1,1,3,1,6,"Projectprijzen","7",1,1,1,1,NA,NA,0,0,0,0,NA,"0",0,0,6,6,6,6,4,4,5,4,6,7,6,7,7,7,7,5,5,5,5,6,6,5,4,3,7,3,5,3,6,6,6,50,80,1,83,1,1,1,2,5,4,4,3,5,3,5,2,NA,NA,NA,NA,NA,NA,NA,NA,1,1,4,6,6,6,30,25000,"Micro","Audiovisual services & animation",NA
"210","founder and designer","conceptual product design",2,0,2015,1,"Rotterdam",6,4,1,4,7,5,1,7,4,3,7,2,1,6,6,6,2,6,6,3,4,4,3,6,6,4,3,3,3,3,4,3,5,1,5,1,4,NA,"6",1,1,2,1,1,NA,0,0,0,0,NA,"0",0,0,6,4,7,5,5,2,4,4,5,4,3,4,6,6,6,5,2,4,5,4,2,3,2,1,5,3,4,2,5,3,3,6,80,1,NA,2,2,0,3,4,4,3,3,5,4,5,5,NA,NA,NA,NA,NA,NA,NA,NA,1,1,2,3,3,5,30,30000,"Micro","Products",NA
"211","Partner","Advertising",7,10,2013,1,"Amsterdam",2,5,5,6,6,4,1,1,6,1,6,1,1,4,6,6,2,6,2,2,2,6,2,6,6,2,5,2,4,2,6,1,1,1,5,1,1,NA,"6",1,1,1,1,1,NA,1,0,0,0,NA,"0",6,0,4,6,6,2,4,2,2,2,6,2,4,2,6,6,6,6,2,4,2,4,2,6,4,6,2,2,2,2,6,2,4,NA,NA,NA,NA,3,2,0,5,2,5,4,6,7,1,7,3,NA,NA,NA,NA,NA,NA,NA,NA,1,1,2,6,4,6,NA,NA,"Micro","Advertisement & marketing",NA
"212","eigenaar","eigen  modemerk",2,2,1994,1,"amsterdam",1,4,3,1,1,1,1,7,5,1,3,3,1,1,3,1,1,3,1,1,1,1,1,7,5,7,2,2,3,2,6,6,6,1,6,1,1,NA,"7",1,1,1,1,1,NA,0,0,0,0,NA,"0",0,0,2,2,2,4,3,1,1,1,5,7,7,7,6,1,2,6,1,5,5,5,4,5,4,1,3,5,4,4,5,6,1,30,10,0,50,2,1,1,4,5,4,4,3,4,4,4,4,NA,NA,NA,NA,NA,NA,NA,NA,1,1,1,6,4,7,80,150000,"Micro","Products",NA
"213","directeur","packaging design",16,12,1974,1,"Woerden",7,2,6,7,7,2,1,1,7,6,6,5,2,6,7,7,3,7,7,7,7,7,1,6,6,6,2,1,7,3,7,6,1,1,1,2,7,NA,"7",1,1,1,1,-99,"-99",0,0,0,0,-99,"0",0,7,6,5,7,6,6,6,4,4,5,5,3,6,7,7,6,7,5,5,3,5,2,5,3,3,5,4,2,6,5,5,5,500,3e+05,2,124,2,2,0,7,4,7,5,6,5,6,5,6,0,7,2,2e+06,2,3e+05,5,50000,NA,NA,NA,NA,NA,NA,NA,NA,"Small","Graphic, communication & digital design",NA
"214","Directeur","Ruimtelijke projecten en events",15,12,1968,1,"Haarlem",7,7,1,7,7,7,2,7,7,2,7,1,4,7,7,7,7,7,4,4,4,4,4,7,5,1,1,1,4,4,7,1,2,1,5,4,3,"ontwikkeling eigen projecten","7",1,7,1,1,7,"via East Side wordt hiermee bedoeld",1,1,0,0,NA,"5",7,7,7,7,7,7,6,7,7,7,7,6,6,3,7,7,7,7,7,7,3,5,2,7,1,5,1,1,7,7,1,1,5,15,5,1,110,2,1,1,1,6,6,6,6,7,7,7,7,NA,NA,NA,NA,NA,NA,NA,NA,7,1,1,7,5,4,4,NA,"Small","Spatial design & interior architecture",NA
"215","Directeur, uitvinder, ontwerper","New Product Development",3,2.2,1990,1,"ALMERE",4,6,2,4,6,3,3,6,6,7,1,3,1,4,7,7,1,3,5,5,4,2,1,7,2,3,5,3,3,5,3,7,1,7,1,1,7,"Start Ups","7",5,2,1,2,1,NA,0,1,1,1,NA,"7",5,3,7,7,6,7,4,7,6,6,3,3,2,7,6,2,6,5,6,7,1,6,5,5,3,5,1,6,3,5,5,5,6,2,0,0,0,0,0,0,3,4,5,3,5,4,3,4,3,NA,NA,NA,NA,NA,NA,NA,NA,2,7,1,5,4,6,0,1e+05,"Micro","Products",NA
"216","directeur","Communicatieadvies en Grafische vormgeving",7,5,1976,1,"Voorburg",7,7,3,7,7,7,6,1,7,1,7,4,1,7,7,5,5,7,7,6,7,5,6,7,7,7,1,3,5,4,7,1,1,1,5,1,1,NA,"7",1,1,1,1,1,NA,0,0,0,0,NA,"0",0,0,6,5,7,6,4,5,6,6,7,6,3,5,7,7,7,6,6,7,5,7,4,1,1,5,6,1,1,6,5,2,6,15,0,0,100,0,0,0,4,5,4,5,4,5,3,7,4,NA,NA,NA,NA,NA,NA,NA,NA,7,1,1,6,2,6,15,1e+05,"Micro","Graphic, communication & digital design",NA
"217","directeur eigenaar","architectuur",2,3,2010,2,"Den Bosch, Amsterdam",6,2,1,4,7,7,4,2,7,2,7,1,1,5,6,4,4,6,6,1,6,6,3,6,2,2,6,5,6,3,7,1,1,1,1,1,NA,NA,"7",1,1,1,1,1,NA,0,0,0,0,NA,"0",0,0,4,5,6,6,6,6,7,5,7,6,4,7,6,7,6,4,6,6,5,4,5,4,6,3,5,4,4,2,2,2,6,5,10,3,100,0,0,0,2,4,3,4,5,4,4,5,4,NA,NA,NA,NA,NA,NA,NA,NA,3,1,3,5,4,6,0,50,"Micro","Architecture & urban planning",NA
"218","ontwerper","Interieur",0,1,2006,0,"Cuijk",4,7,7,2,7,5,5,2,7,2,7,7,2,5,6,6,5,7,2,4,4,6,1,2,6,6,6,2,5,1,5,3,4,1,4,2,1,NA,"6",4,1,1,1,1,NA,0,0,0,0,NA,"0",0,0,4,4,6,5,7,6,7,5,7,6,6,7,7,7,7,6,7,5,4,6,6,5,5,5,1,6,4,2,5,4,6,6,0,0,45,0,1,0,4,4,6,6,4,4,5,7,6,NA,NA,NA,NA,NA,NA,NA,NA,5,1,5,6,6,7,35,1e+05,"Micro","Spatial design & interior architecture",NA
"219","Creative Partner","Branding & Activation",3,2,2014,1,"Groningen",1,7,1,7,7,4,4,7,7,7,7,7,7,1,7,7,2,4,7,7,7,5,2,7,7,4,7,4,7,7,7,1,7,1,4,1,1,NA,"7",1,1,1,1,1,NA,0,0,0,0,NA,"0",0,0,7,6,7,3,7,7,5,5,6,5,7,5,5,7,7,7,7,6,5,7,6,7,7,7,7,7,4,7,7,7,7,12,0,5,100,2,0,0,5,6,6,6,7,7,4,4,6,NA,NA,NA,NA,NA,NA,NA,NA,7,1,1,7,7,2,NA,64000,"Micro","Advertisement & marketing",NA
"221","Eigenaar","Grafisch ontwerp",1,1.5,2017,1,"Zwolle",7,7,1,5,7,7,2,1,7,7,7,1,4,7,7,1,1,7,6,1,7,1,1,7,6,1,7,1,5,4,7,1,1,7,5,1,NA,NA,"7",1,1,1,1,NA,NA,0,5,0,0,NA,"7",7,4,7,7,7,7,7,7,7,6,7,7,4,7,7,7,7,4,7,7,7,2,7,4,4,7,7,1,4,1,4,4,7,NA,0,0,40,0,0,0,3,7,7,7,4,7,4,7,7,NA,NA,NA,NA,NA,NA,NA,NA,7,1,1,7,4,4,90,800,"Micro","Graphic, communication & digital design",NA
"222","eigenaar","kleding",3,3,2008,1,"Haarlem",4,7,4,2,6,6,4,7,4,1,7,1,1,6,7,6,3,6,6,3,6,6,1,6,4,6,6,4,4,4,1,1,7,1,6,1,1,"nvt","7",1,1,5,1,1,NA,1,1,1,1,NA,"0",0,0,6,4,6,6,4,6,5,6,7,7,6,6,6,2,6,7,2,6,4,NA,NA,NA,NA,NA,NA,NA,NA,NA,NA,NA,NA,NA,NA,NA,NA,1,1,1,6,1,7,7,4,6,6,6,6,NA,NA,NA,NA,NA,NA,NA,NA,7,1,NA,NA,NA,NA,NA,NA,"Micro","Products",NA
"223","directeur","online business",8,4,2003,1,"Amsterdam",1,6,7,7,5,2,7,7,7,6,5,7,4,4,7,6,4,5,4,4,7,1,5,7,5,6,4,4,7,4,5,1,1,7,1,1,4,NA,"7",4,1,4,1,4,NA,0,0,0,1,NA,"7",5,7,5,5,4,4,4,4,5,4,4,5,5,6,6,7,4,6,6,7,5,NA,NA,NA,NA,NA,NA,NA,NA,NA,NA,NA,NA,NA,NA,NA,NA,3,1,1,3,4,4,5,4,6,6,6,4,NA,NA,NA,NA,NA,NA,NA,NA,7,5,NA,NA,NA,NA,NA,NA,"Micro","Advertisement & marketing",NA
"224","eigenaar","groothandel papier en drukwerkmakelaar voor luxe drukwerk",1,1,2007,1,"Den Bosch",1,1,6,1,1,7,7,7,1,1,7,1,1,7,7,7,1,6,7,1,5,5,3,2,6,7,1,1,1,1,1,1,7,1,7,1,1,NA,"7",1,1,1,1,1,NA,0,0,0,0,NA,"0",0,0,6,4,6,7,4,6,2,3,6,6,2,5,7,7,7,7,5,7,2,6,1,4,6,1,4,1,1,7,7,1,6,4,0,0,NA,0,0,0,4,4,4,3,3,4,2,5,3,NA,NA,NA,NA,NA,NA,NA,NA,7,1,2,4,6,1,25,500,"Micro","Products",NA
"225","De Groote Baas","Marktcommunicatie",1,1,1990,2,"Enschede; Ootmarsum",4,7,2,5,7,6,5,7,7,5,7,2,1,4,7,6,6,7,7,7,7,7,6,5,7,5,5,4,7,6,7,3,5,1,2,3,1,NA,"7",4,2,5,1,1,NA,0,0,0,0,NA,"0",0,0,1,5,7,4,2,6,4,2,7,4,4,4,7,7,7,6,5,5,1,4,1,6,4,2,6,5,4,6,5,2,5,NA,NA,NA,NA,0,1,0,4,4,4,6,6,5,3,7,4,NA,NA,NA,NA,NA,NA,NA,NA,6,3,1,2,4,6,NA,NA,"Micro","Graphic, communication & digital design",NA
